id_servicio,servicio
829433231,7.1 Servicios de atención primaria
829433231,7.1 Servicios de atención primaria
829433231,7.1 Servicios de atención primaria
829433231,7.1 Servicios de atención primaria
829433231,7.11 Sistema de Alerta Temprana y Vigilancia Epidemiológica
829433231,7.11 Sistema de Alerta Temprana y Vigilancia Epidemiológica
829433231,7.13 Acciones a nivel Institucional
829433231,7.13 Acciones a nivel Institucional
829433231,7.14 Acciones a nivel Comunitario
829433231,7.14 Acciones a nivel Comunitario
829433231,7.14 Acciones a nivel Comunitario
829433231,7.15 Gestión de Casos
829433231,7.2 Salud Mental y Acompañamiento Psicosocial
829433231,7.2 Salud Mental y Acompañamiento Psicosocial
829433231,7.3 Enfermedades No Transmisibles
829433231,7.3 Enfermedades No Transmisibles
829433231,7.3 Enfermedades No Transmisibles
829433231,7.3 Enfermedades No Transmisibles
829433231,7.3 Enfermedades No Transmisibles
829433231,7.4 Enfermedades Transmisibles
829433231,7.4 Enfermedades Transmisibles
829433231,7.4 Enfermedades Transmisibles
829433231,7.4 Enfermedades Transmisibles
829433231,7.4 Enfermedades Transmisibles
829433231,7.5 Salud Materna y Salud Perinatal
829433231,7.5 Salud Materna y Salud Perinatal
829433231,7.5 Salud Materna y Salud Perinatal
829433231,7.9 Salud Nutricional
829435509,7.1 Servicios de atención primaria
829435509,7.1 Servicios de atención primaria
829435509,7.1 Servicios de atención primaria
829435509,7.1 Servicios de atención primaria
829435509,7.11 Sistema de Alerta Temprana y Vigilancia Epidemiológica
829435509,7.11 Sistema de Alerta Temprana y Vigilancia Epidemiológica
829435509,7.13 Acciones a nivel Institucional
829435509,7.13 Acciones a nivel Institucional
829435509,7.14 Acciones a nivel Comunitario
829435509,7.14 Acciones a nivel Comunitario
829435509,7.14 Acciones a nivel Comunitario
829435509,7.15 Gestión de Casos
829435509,7.2 Salud Mental y Acompañamiento Psicosocial
829435509,7.2 Salud Mental y Acompañamiento Psicosocial
829435509,7.3 Enfermedades No Transmisibles
829435509,7.3 Enfermedades No Transmisibles
829435509,7.3 Enfermedades No Transmisibles
829435509,7.3 Enfermedades No Transmisibles
829435509,7.3 Enfermedades No Transmisibles
829435509,7.4 Enfermedades Transmisibles
829435509,7.4 Enfermedades Transmisibles
829435509,7.4 Enfermedades Transmisibles
829435509,7.4 Enfermedades Transmisibles
829435509,7.4 Enfermedades Transmisibles
829435509,7.5 Salud Materna y Salud Perinatal
829435509,7.5 Salud Materna y Salud Perinatal
829435509,7.5 Salud Materna y Salud Perinatal
829435509,7.9 Salud Nutricional
830292431,7.1 Servicios de atención primaria
830292431,7.1 Servicios de atención primaria
830292431,7.1 Servicios de atención primaria
830292431,7.1 Servicios de atención primaria
830292431,7.11 Sistema de Alerta Temprana y Vigilancia Epidemiológica
830292431,7.13 Acciones a nivel Institucional
830292431,7.13 Acciones a nivel Institucional
830292431,7.13 Acciones a nivel Institucional
830292431,7.13 Acciones a nivel Institucional
830292431,7.13 Acciones a nivel Institucional
830292431,7.13 Acciones a nivel Institucional
830292431,7.13 Acciones a nivel Institucional
830292431,7.14 Acciones a nivel Comunitario
830292431,7.14 Acciones a nivel Comunitario
830292431,7.14 Acciones a nivel Comunitario
830292431,7.14 Acciones a nivel Comunitario
830292431,7.14 Acciones a nivel Comunitario
830292431,7.14 Acciones a nivel Comunitario
830292431,7.14 Acciones a nivel Comunitario
830292431,7.15 Gestión de Casos
830292431,7.15 Gestión de Casos
830292431,7.2 Salud Mental y Acompañamiento Psicosocial
830292431,7.2 Salud Mental y Acompañamiento Psicosocial
830292431,7.2 Salud Mental y Acompañamiento Psicosocial
830292431,7.2 Salud Mental y Acompañamiento Psicosocial
830292431,7.2 Salud Mental y Acompañamiento Psicosocial
830292431,7.3 Enfermedades No Transmisibles
830292431,7.3 Enfermedades No Transmisibles
830292431,7.3 Enfermedades No Transmisibles
830292431,7.3 Enfermedades No Transmisibles
830292431,7.3 Enfermedades No Transmisibles
830292431,7.3 Enfermedades No Transmisibles
830292431,7.4 Enfermedades Transmisibles
830292431,7.4 Enfermedades Transmisibles
830292431,7.4 Enfermedades Transmisibles
830292431,7.4 Enfermedades Transmisibles
830292431,7.4 Enfermedades Transmisibles
830292431,7.4 Enfermedades Transmisibles
830292431,7.4 Enfermedades Transmisibles
830292431,7.4 Enfermedades Transmisibles
830292431,7.5 Salud Materna y Salud Perinatal
830292431,7.5 Salud Materna y Salud Perinatal
830292431,7.5 Salud Materna y Salud Perinatal
830292431,7.6 Prevención y Atención VIH
830292431,7.7 Salud Sexual y Reproductiva
830292431,7.7 Salud Sexual y Reproductiva
830292431,7.7 Salud Sexual y Reproductiva
830292431,7.7 Salud Sexual y Reproductiva
830292431,7.7 Salud Sexual y Reproductiva
830292431,7.7 Salud Sexual y Reproductiva
830292431,7.8 Violencia Sexual
830292431,7.8 Violencia Sexual
830292431,7.8 Violencia Sexual
830292431,7.9 Salud Nutricional
830435519,7.1 Servicios de atención primaria
830435519,7.1 Servicios de atención primaria
830435519,7.1 Servicios de atención primaria
830435519,7.1 Servicios de atención primaria
830435519,7.1 Servicios de atención primaria
830435519,7.11 Sistema de Alerta Temprana y Vigilancia Epidemiológica
830435519,7.14 Acciones a nivel Comunitario
830435519,7.14 Acciones a nivel Comunitario
830435519,7.14 Acciones a nivel Comunitario
830435519,7.14 Acciones a nivel Comunitario
830435519,7.15 Gestión de Casos
830435519,7.15 Gestión de Casos
830435519,7.2 Salud Mental y Acompañamiento Psicosocial
830435519,7.2 Salud Mental y Acompañamiento Psicosocial
830435519,7.2 Salud Mental y Acompañamiento Psicosocial
830435519,7.3 Enfermedades No Transmisibles
830435519,7.3 Enfermedades No Transmisibles
830435519,7.3 Enfermedades No Transmisibles
830435519,7.3 Enfermedades No Transmisibles
830435519,7.4 Enfermedades Transmisibles
830435519,7.4 Enfermedades Transmisibles
830435519,7.4 Enfermedades Transmisibles
830435519,7.4 Enfermedades Transmisibles
830435519,7.5 Salud Materna y Salud Perinatal
830435519,7.5 Salud Materna y Salud Perinatal
830435519,7.6 Prevención y Atención VIH
830435519,7.6 Prevención y Atención VIH
830435519,7.6 Prevención y Atención VIH
830435519,7.6 Prevención y Atención VIH
830435519,7.6 Prevención y Atención VIH
830435519,7.6 Prevención y Atención VIH
830435519,7.7 Salud Sexual y Reproductiva
830435519,7.7 Salud Sexual y Reproductiva
830435519,7.8 Violencia Sexual
830435519,7.8 Violencia Sexual
830435519,7.9 Salud Nutricional
831146136,7.1 Servicios de atención primaria
831146136,7.1 Servicios de atención primaria
831146136,7.1 Servicios de atención primaria
831146136,7.1 Servicios de atención primaria
831146136,7.1 Servicios de atención primaria
831146136,7.1 Servicios de atención primaria
831146136,7.1 Servicios de atención primaria
831146136,7.1 Servicios de atención primaria
831146136,7.10 Vacunación
831146136,7.10 Vacunación
831146136,7.11 Sistema de Alerta Temprana y Vigilancia Epidemiológica
831146136,7.11 Sistema de Alerta Temprana y Vigilancia Epidemiológica
831146136,7.12 Atención a Lesiones y Traumas
831146136,7.12 Atención a Lesiones y Traumas
831146136,7.12 Atención a Lesiones y Traumas
831146136,7.12 Atención a Lesiones y Traumas
831146136,7.13 Acciones a nivel Institucional
831146136,7.13 Acciones a nivel Institucional
831146136,7.13 Acciones a nivel Institucional
831146136,7.14 Acciones a nivel Comunitario
831146136,7.14 Acciones a nivel Comunitario
831146136,7.14 Acciones a nivel Comunitario
831146136,7.14 Acciones a nivel Comunitario
831146136,7.14 Acciones a nivel Comunitario
831146136,7.14 Acciones a nivel Comunitario
831146136,7.15 Gestión de Casos
831146136,7.15 Gestión de Casos
831146136,7.15 Gestión de Casos
831146136,7.2 Salud Mental y Acompañamiento Psicosocial
831146136,7.2 Salud Mental y Acompañamiento Psicosocial
831146136,7.2 Salud Mental y Acompañamiento Psicosocial
831146136,7.2 Salud Mental y Acompañamiento Psicosocial
831146136,7.3 Enfermedades No Transmisibles
831146136,7.3 Enfermedades No Transmisibles
831146136,7.3 Enfermedades No Transmisibles
831146136,7.3 Enfermedades No Transmisibles
831146136,7.3 Enfermedades No Transmisibles
831146136,7.4 Enfermedades Transmisibles
831146136,7.4 Enfermedades Transmisibles
831146136,7.4 Enfermedades Transmisibles
831146136,7.4 Enfermedades Transmisibles
831146136,7.4 Enfermedades Transmisibles
831146136,7.5 Salud Materna y Salud Perinatal
831146136,7.5 Salud Materna y Salud Perinatal
831146136,7.5 Salud Materna y Salud Perinatal
831146136,7.5 Salud Materna y Salud Perinatal
831146136,7.5 Salud Materna y Salud Perinatal
831146136,7.5 Salud Materna y Salud Perinatal
831146136,7.5 Salud Materna y Salud Perinatal
831146136,7.5 Salud Materna y Salud Perinatal
831146136,7.6 Prevención y Atención VIH
831146136,7.6 Prevención y Atención VIH
831146136,7.6 Prevención y Atención VIH
831146136,7.7 Salud Sexual y Reproductiva
831146136,7.7 Salud Sexual y Reproductiva
831146136,7.7 Salud Sexual y Reproductiva
831146136,7.7 Salud Sexual y Reproductiva
831146136,7.8 Violencia Sexual
831146136,7.8 Violencia Sexual
831146136,7.9 Salud Nutricional
831146136,7.9 Salud Nutricional
831146136,7.9 Salud Nutricional
831284163,7.1 Servicios de atención primaria
831284163,7.1 Servicios de atención primaria
831284163,7.1 Servicios de atención primaria
831284163,7.1 Servicios de atención primaria
831284163,7.1 Servicios de atención primaria
831284163,7.1 Servicios de atención primaria
831284163,7.1 Servicios de atención primaria
831284163,7.1 Servicios de atención primaria
831284163,7.13 Acciones a nivel Institucional
831284163,7.13 Acciones a nivel Institucional
831284163,7.13 Acciones a nivel Institucional
831284163,7.13 Acciones a nivel Institucional
831284163,7.13 Acciones a nivel Institucional
831284163,7.15 Gestión de Casos
831284163,7.15 Gestión de Casos
831284163,7.15 Gestión de Casos
831284163,7.15 Gestión de Casos
831284163,7.2 Salud Mental y Acompañamiento Psicosocial
831284163,7.3 Enfermedades No Transmisibles
831284163,7.3 Enfermedades No Transmisibles
831284163,7.3 Enfermedades No Transmisibles
831284163,7.3 Enfermedades No Transmisibles
831284163,7.3 Enfermedades No Transmisibles
831284163,7.4 Enfermedades Transmisibles
831284163,7.4 Enfermedades Transmisibles
831284163,7.4 Enfermedades Transmisibles
831284163,7.4 Enfermedades Transmisibles
831284163,7.4 Enfermedades Transmisibles
831284163,7.5 Salud Materna y Salud Perinatal
831284163,7.5 Salud Materna y Salud Perinatal
831284163,7.5 Salud Materna y Salud Perinatal
831284163,7.5 Salud Materna y Salud Perinatal
831284163,7.6 Prevención y Atención VIH
831284163,7.6 Prevención y Atención VIH
831284163,7.6 Prevención y Atención VIH
831284163,7.6 Prevención y Atención VIH
831284163,7.6 Prevención y Atención VIH
831284163,7.6 Prevención y Atención VIH
831284163,7.6 Prevención y Atención VIH
831284163,7.7 Salud Sexual y Reproductiva
831284163,7.7 Salud Sexual y Reproductiva
831284163,7.8 Violencia Sexual
831284163,7.8 Violencia Sexual
831284163,7.8 Violencia Sexual
831313699,7.1 Servicios de atención primaria
831313699,7.1 Servicios de atención primaria
831313699,7.1 Servicios de atención primaria
831313699,7.1 Servicios de atención primaria
831313699,7.1 Servicios de atención primaria
831313699,7.10 Vacunación
831313699,7.11 Sistema de Alerta Temprana y Vigilancia Epidemiológica
831313699,7.11 Sistema de Alerta Temprana y Vigilancia Epidemiológica
831313699,7.11 Sistema de Alerta Temprana y Vigilancia Epidemiológica
831313699,7.12 Atención a Lesiones y Traumas
831313699,7.12 Atención a Lesiones y Traumas
831313699,7.12 Atención a Lesiones y Traumas
831313699,7.12 Atención a Lesiones y Traumas
831313699,7.2 Salud Mental y Acompañamiento Psicosocial
831313699,7.2 Salud Mental y Acompañamiento Psicosocial
831313699,7.2 Salud Mental y Acompañamiento Psicosocial
831313699,7.3 Enfermedades No Transmisibles
831313699,7.3 Enfermedades No Transmisibles
831313699,7.3 Enfermedades No Transmisibles
831313699,7.3 Enfermedades No Transmisibles
831313699,7.3 Enfermedades No Transmisibles
831313699,7.3 Enfermedades No Transmisibles
831313699,7.4 Enfermedades Transmisibles
831313699,7.4 Enfermedades Transmisibles
831313699,7.4 Enfermedades Transmisibles
831313699,7.4 Enfermedades Transmisibles
831313699,7.4 Enfermedades Transmisibles
831313699,7.4 Enfermedades Transmisibles
831313699,7.4 Enfermedades Transmisibles
831313699,7.4 Enfermedades Transmisibles
831313699,7.5 Salud Materna y Salud Perinatal
831313699,7.5 Salud Materna y Salud Perinatal
831313699,7.5 Salud Materna y Salud Perinatal
831313699,7.5 Salud Materna y Salud Perinatal
831313699,7.5 Salud Materna y Salud Perinatal
831313699,7.5 Salud Materna y Salud Perinatal
831313699,7.5 Salud Materna y Salud Perinatal
831313699,7.6 Prevención y Atención VIH
831313699,7.7 Salud Sexual y Reproductiva
831313699,7.8 Violencia Sexual
831313699,7.8 Violencia Sexual
831313699,7.9 Salud Nutricional
831353665,7.1 Servicios de atención primaria
831353665,7.1 Servicios de atención primaria
831353665,7.1 Servicios de atención primaria
831353665,7.1 Servicios de atención primaria
831353665,7.1 Servicios de atención primaria
831353665,7.1 Servicios de atención primaria
831353665,7.11 Sistema de Alerta Temprana y Vigilancia Epidemiológica
831353665,7.11 Sistema de Alerta Temprana y Vigilancia Epidemiológica
831353665,7.12 Atención a Lesiones y Traumas
831353665,7.12 Atención a Lesiones y Traumas
831353665,7.2 Salud Mental y Acompañamiento Psicosocial
831353665,7.2 Salud Mental y Acompañamiento Psicosocial
831353665,7.3 Enfermedades No Transmisibles
831353665,7.3 Enfermedades No Transmisibles
831353665,7.3 Enfermedades No Transmisibles
831353665,7.3 Enfermedades No Transmisibles
831353665,7.3 Enfermedades No Transmisibles
831353665,7.4 Enfermedades Transmisibles
831353665,7.4 Enfermedades Transmisibles
831353665,7.4 Enfermedades Transmisibles
831353665,7.4 Enfermedades Transmisibles
831353665,7.4 Enfermedades Transmisibles
831353665,7.4 Enfermedades Transmisibles
831353665,7.4 Enfermedades Transmisibles
831353665,7.4 Enfermedades Transmisibles
831353665,7.4 Enfermedades Transmisibles
831353665,7.5 Salud Materna y Salud Perinatal
831353665,7.5 Salud Materna y Salud Perinatal
831353665,7.5 Salud Materna y Salud Perinatal
831353665,7.5 Salud Materna y Salud Perinatal
831353665,7.5 Salud Materna y Salud Perinatal
831353665,7.5 Salud Materna y Salud Perinatal
831353665,7.7 Salud Sexual y Reproductiva
831537131,7.1 Servicios de atención primaria
831537131,7.1 Servicios de atención primaria
831537131,7.1 Servicios de atención primaria
831537131,7.1 Servicios de atención primaria
831537131,7.1 Servicios de atención primaria
831537131,7.1 Servicios de atención primaria
831537131,7.10 Vacunación
831537131,7.10 Vacunación
831537131,7.10 Vacunación
831537131,7.10 Vacunación
831537131,7.10 Vacunación
831537131,7.10 Vacunación
831537131,7.10 Vacunación
831537131,7.11 Sistema de Alerta Temprana y Vigilancia Epidemiológica
831537131,7.12 Atención a Lesiones y Traumas
831537131,7.13 Acciones a nivel Institucional
831537131,7.13 Acciones a nivel Institucional
831537131,7.13 Acciones a nivel Institucional
831537131,7.13 Acciones a nivel Institucional
831537131,7.13 Acciones a nivel Institucional
831537131,7.13 Acciones a nivel Institucional
831537131,7.14 Acciones a nivel Comunitario
831537131,7.14 Acciones a nivel Comunitario
831537131,7.14 Acciones a nivel Comunitario
831537131,7.14 Acciones a nivel Comunitario
831537131,7.2 Salud Mental y Acompañamiento Psicosocial
831537131,7.2 Salud Mental y Acompañamiento Psicosocial
831537131,7.2 Salud Mental y Acompañamiento Psicosocial
831537131,7.2 Salud Mental y Acompañamiento Psicosocial
831537131,7.4 Enfermedades Transmisibles
831537131,7.4 Enfermedades Transmisibles
831537131,7.4 Enfermedades Transmisibles
831537131,7.4 Enfermedades Transmisibles
831537131,7.4 Enfermedades Transmisibles
831537131,7.4 Enfermedades Transmisibles
831537131,7.4 Enfermedades Transmisibles
831537131,7.5 Salud Materna y Salud Perinatal
831537131,7.5 Salud Materna y Salud Perinatal
831537131,7.5 Salud Materna y Salud Perinatal
831537131,7.5 Salud Materna y Salud Perinatal
831537131,7.5 Salud Materna y Salud Perinatal
831537131,7.6 Prevención y Atención VIH
831537131,7.8 Violencia Sexual
831537131,7.8 Violencia Sexual
831537131,7.8 Violencia Sexual
831537131,7.8 Violencia Sexual
831537131,7.8 Violencia Sexual
831537131,7.9 Salud Nutricional
831537131,7.9 Salud Nutricional
831537131,7.9 Salud Nutricional
831542034,7.1 Servicios de atención primaria
831542034,7.1 Servicios de atención primaria
831542034,7.1 Servicios de atención primaria
831542034,7.1 Servicios de atención primaria
831542034,7.1 Servicios de atención primaria
831542034,7.1 Servicios de atención primaria
831542034,7.10 Vacunación
831542034,7.10 Vacunación
831542034,7.10 Vacunación
831542034,7.10 Vacunación
831542034,7.10 Vacunación
831542034,7.10 Vacunación
831542034,7.10 Vacunación
831542034,7.11 Sistema de Alerta Temprana y Vigilancia Epidemiológica
831542034,7.12 Atención a Lesiones y Traumas
831542034,7.13 Acciones a nivel Institucional
831542034,7.13 Acciones a nivel Institucional
831542034,7.13 Acciones a nivel Institucional
831542034,7.13 Acciones a nivel Institucional
831542034,7.13 Acciones a nivel Institucional
831542034,7.14 Acciones a nivel Comunitario
831542034,7.14 Acciones a nivel Comunitario
831542034,7.14 Acciones a nivel Comunitario
831542034,7.14 Acciones a nivel Comunitario
831542034,7.2 Salud Mental y Acompañamiento Psicosocial
831542034,7.2 Salud Mental y Acompañamiento Psicosocial
831542034,7.2 Salud Mental y Acompañamiento Psicosocial
831542034,7.2 Salud Mental y Acompañamiento Psicosocial
831542034,7.4 Enfermedades Transmisibles
831542034,7.4 Enfermedades Transmisibles
831542034,7.4 Enfermedades Transmisibles
831542034,7.4 Enfermedades Transmisibles
831542034,7.4 Enfermedades Transmisibles
831542034,7.4 Enfermedades Transmisibles
831542034,7.4 Enfermedades Transmisibles
831542034,7.5 Salud Materna y Salud Perinatal
831542034,7.5 Salud Materna y Salud Perinatal
831542034,7.5 Salud Materna y Salud Perinatal
831542034,7.5 Salud Materna y Salud Perinatal
831542034,7.5 Salud Materna y Salud Perinatal
831542034,7.6 Prevención y Atención VIH
831542034,7.6 Prevención y Atención VIH
831542034,7.6 Prevención y Atención VIH
831542034,7.8 Violencia Sexual
831542034,7.8 Violencia Sexual
831542034,7.9 Salud Nutricional
831542034,7.9 Salud Nutricional
831542034,7.9 Salud Nutricional
831545013,7.1 Servicios de atención primaria
831545013,7.1 Servicios de atención primaria
831545013,7.1 Servicios de atención primaria
831545013,7.1 Servicios de atención primaria
831545013,7.1 Servicios de atención primaria
831545013,7.1 Servicios de atención primaria
831545013,7.10 Vacunación
831545013,7.10 Vacunación
831545013,7.10 Vacunación
831545013,7.10 Vacunación
831545013,7.10 Vacunación
831545013,7.10 Vacunación
831545013,7.10 Vacunación
831545013,7.11 Sistema de Alerta Temprana y Vigilancia Epidemiológica
831545013,7.12 Atención a Lesiones y Traumas
831545013,7.13 Acciones a nivel Institucional
831545013,7.13 Acciones a nivel Institucional
831545013,7.13 Acciones a nivel Institucional
831545013,7.13 Acciones a nivel Institucional
831545013,7.14 Acciones a nivel Comunitario
831545013,7.14 Acciones a nivel Comunitario
831545013,7.14 Acciones a nivel Comunitario
831545013,7.14 Acciones a nivel Comunitario
831545013,7.2 Salud Mental y Acompañamiento Psicosocial
831545013,7.2 Salud Mental y Acompañamiento Psicosocial
831545013,7.2 Salud Mental y Acompañamiento Psicosocial
831545013,7.2 Salud Mental y Acompañamiento Psicosocial
831545013,7.4 Enfermedades Transmisibles
831545013,7.4 Enfermedades Transmisibles
831545013,7.4 Enfermedades Transmisibles
831545013,7.4 Enfermedades Transmisibles
831545013,7.4 Enfermedades Transmisibles
831545013,7.4 Enfermedades Transmisibles
831545013,7.4 Enfermedades Transmisibles
831545013,7.5 Salud Materna y Salud Perinatal
831545013,7.5 Salud Materna y Salud Perinatal
831545013,7.5 Salud Materna y Salud Perinatal
831545013,7.5 Salud Materna y Salud Perinatal
831545013,7.5 Salud Materna y Salud Perinatal
831545013,7.6 Prevención y Atención VIH
831545013,7.6 Prevención y Atención VIH
831545013,7.6 Prevención y Atención VIH
831545013,7.8 Violencia Sexual
831545013,7.8 Violencia Sexual
831545013,7.9 Salud Nutricional
831545013,7.9 Salud Nutricional
831545013,7.9 Salud Nutricional
831546970,7.1 Servicios de atención primaria
831546970,7.1 Servicios de atención primaria
831546970,7.1 Servicios de atención primaria
831546970,7.1 Servicios de atención primaria
831546970,7.1 Servicios de atención primaria
831546970,7.1 Servicios de atención primaria
831546970,7.10 Vacunación
831546970,7.10 Vacunación
831546970,7.10 Vacunación
831546970,7.10 Vacunación
831546970,7.10 Vacunación
831546970,7.10 Vacunación
831546970,7.10 Vacunación
831546970,7.11 Sistema de Alerta Temprana y Vigilancia Epidemiológica
831546970,7.12 Atención a Lesiones y Traumas
831546970,7.13 Acciones a nivel Institucional
831546970,7.13 Acciones a nivel Institucional
831546970,7.13 Acciones a nivel Institucional
831546970,7.13 Acciones a nivel Institucional
831546970,7.14 Acciones a nivel Comunitario
831546970,7.14 Acciones a nivel Comunitario
831546970,7.14 Acciones a nivel Comunitario
831546970,7.14 Acciones a nivel Comunitario
831546970,7.2 Salud Mental y Acompañamiento Psicosocial
831546970,7.2 Salud Mental y Acompañamiento Psicosocial
831546970,7.2 Salud Mental y Acompañamiento Psicosocial
831546970,7.2 Salud Mental y Acompañamiento Psicosocial
831546970,7.4 Enfermedades Transmisibles
831546970,7.4 Enfermedades Transmisibles
831546970,7.4 Enfermedades Transmisibles
831546970,7.4 Enfermedades Transmisibles
831546970,7.4 Enfermedades Transmisibles
831546970,7.4 Enfermedades Transmisibles
831546970,7.4 Enfermedades Transmisibles
831546970,7.5 Salud Materna y Salud Perinatal
831546970,7.5 Salud Materna y Salud Perinatal
831546970,7.5 Salud Materna y Salud Perinatal
831546970,7.5 Salud Materna y Salud Perinatal
831546970,7.5 Salud Materna y Salud Perinatal
831546970,7.6 Prevención y Atención VIH
831546970,7.6 Prevención y Atención VIH
831546970,7.8 Violencia Sexual
831546970,7.8 Violencia Sexual
831546970,7.9 Salud Nutricional
831546970,7.9 Salud Nutricional
831546970,7.9 Salud Nutricional
831549015,7.1 Servicios de atención primaria
831549015,7.1 Servicios de atención primaria
831549015,7.1 Servicios de atención primaria
831549015,7.1 Servicios de atención primaria
831549015,7.1 Servicios de atención primaria
831549015,7.1 Servicios de atención primaria
831549015,7.10 Vacunación
831549015,7.10 Vacunación
831549015,7.10 Vacunación
831549015,7.10 Vacunación
831549015,7.10 Vacunación
831549015,7.10 Vacunación
831549015,7.10 Vacunación
831549015,7.11 Sistema de Alerta Temprana y Vigilancia Epidemiológica
831549015,7.12 Atención a Lesiones y Traumas
831549015,7.13 Acciones a nivel Institucional
831549015,7.13 Acciones a nivel Institucional
831549015,7.13 Acciones a nivel Institucional
831549015,7.13 Acciones a nivel Institucional
831549015,7.13 Acciones a nivel Institucional
831549015,7.13 Acciones a nivel Institucional
831549015,7.14 Acciones a nivel Comunitario
831549015,7.14 Acciones a nivel Comunitario
831549015,7.14 Acciones a nivel Comunitario
831549015,7.14 Acciones a nivel Comunitario
831549015,7.2 Salud Mental y Acompañamiento Psicosocial
831549015,7.2 Salud Mental y Acompañamiento Psicosocial
831549015,7.2 Salud Mental y Acompañamiento Psicosocial
831549015,7.2 Salud Mental y Acompañamiento Psicosocial
831549015,7.4 Enfermedades Transmisibles
831549015,7.4 Enfermedades Transmisibles
831549015,7.4 Enfermedades Transmisibles
831549015,7.4 Enfermedades Transmisibles
831549015,7.4 Enfermedades Transmisibles
831549015,7.4 Enfermedades Transmisibles
831549015,7.4 Enfermedades Transmisibles
831549015,7.5 Salud Materna y Salud Perinatal
831549015,7.5 Salud Materna y Salud Perinatal
831549015,7.5 Salud Materna y Salud Perinatal
831549015,7.5 Salud Materna y Salud Perinatal
831549015,7.5 Salud Materna y Salud Perinatal
831549015,7.6 Prevención y Atención VIH
831549015,7.6 Prevención y Atención VIH
831549015,7.8 Violencia Sexual
831549015,7.8 Violencia Sexual
831549015,7.9 Salud Nutricional
831549015,7.9 Salud Nutricional
831549015,7.9 Salud Nutricional
831551174,7.1 Servicios de atención primaria
831551174,7.1 Servicios de atención primaria
831551174,7.1 Servicios de atención primaria
831551174,7.1 Servicios de atención primaria
831551174,7.1 Servicios de atención primaria
831551174,7.1 Servicios de atención primaria
831551174,7.10 Vacunación
831551174,7.10 Vacunación
831551174,7.10 Vacunación
831551174,7.10 Vacunación
831551174,7.10 Vacunación
831551174,7.10 Vacunación
831551174,7.10 Vacunación
831551174,7.11 Sistema de Alerta Temprana y Vigilancia Epidemiológica
831551174,7.12 Atención a Lesiones y Traumas
831551174,7.13 Acciones a nivel Institucional
831551174,7.13 Acciones a nivel Institucional
831551174,7.13 Acciones a nivel Institucional
831551174,7.13 Acciones a nivel Institucional
831551174,7.13 Acciones a nivel Institucional
831551174,7.13 Acciones a nivel Institucional
831551174,7.14 Acciones a nivel Comunitario
831551174,7.14 Acciones a nivel Comunitario
831551174,7.14 Acciones a nivel Comunitario
831551174,7.14 Acciones a nivel Comunitario
831551174,7.2 Salud Mental y Acompañamiento Psicosocial
831551174,7.2 Salud Mental y Acompañamiento Psicosocial
831551174,7.2 Salud Mental y Acompañamiento Psicosocial
831551174,7.2 Salud Mental y Acompañamiento Psicosocial
831551174,7.4 Enfermedades Transmisibles
831551174,7.4 Enfermedades Transmisibles
831551174,7.4 Enfermedades Transmisibles
831551174,7.4 Enfermedades Transmisibles
831551174,7.4 Enfermedades Transmisibles
831551174,7.4 Enfermedades Transmisibles
831551174,7.4 Enfermedades Transmisibles
831551174,7.5 Salud Materna y Salud Perinatal
831551174,7.5 Salud Materna y Salud Perinatal
831551174,7.5 Salud Materna y Salud Perinatal
831551174,7.5 Salud Materna y Salud Perinatal
831551174,7.5 Salud Materna y Salud Perinatal
831551174,7.6 Prevención y Atención VIH
831551174,7.6 Prevención y Atención VIH
831551174,7.8 Violencia Sexual
831551174,7.8 Violencia Sexual
831551174,7.9 Salud Nutricional
831551174,7.9 Salud Nutricional
831551174,7.9 Salud Nutricional
831552249,7.1 Servicios de atención primaria
831552249,7.1 Servicios de atención primaria
831552249,7.1 Servicios de atención primaria
831552249,7.1 Servicios de atención primaria
831552249,7.1 Servicios de atención primaria
831552249,7.1 Servicios de atención primaria
831552249,7.10 Vacunación
831552249,7.10 Vacunación
831552249,7.10 Vacunación
831552249,7.10 Vacunación
831552249,7.10 Vacunación
831552249,7.10 Vacunación
831552249,7.10 Vacunación
831552249,7.11 Sistema de Alerta Temprana y Vigilancia Epidemiológica
831552249,7.12 Atención a Lesiones y Traumas
831552249,7.13 Acciones a nivel Institucional
831552249,7.13 Acciones a nivel Institucional
831552249,7.13 Acciones a nivel Institucional
831552249,7.13 Acciones a nivel Institucional
831552249,7.13 Acciones a nivel Institucional
831552249,7.14 Acciones a nivel Comunitario
831552249,7.14 Acciones a nivel Comunitario
831552249,7.14 Acciones a nivel Comunitario
831552249,7.14 Acciones a nivel Comunitario
831552249,7.2 Salud Mental y Acompañamiento Psicosocial
831552249,7.2 Salud Mental y Acompañamiento Psicosocial
831552249,7.2 Salud Mental y Acompañamiento Psicosocial
831552249,7.2 Salud Mental y Acompañamiento Psicosocial
831552249,7.4 Enfermedades Transmisibles
831552249,7.4 Enfermedades Transmisibles
831552249,7.4 Enfermedades Transmisibles
831552249,7.4 Enfermedades Transmisibles
831552249,7.4 Enfermedades Transmisibles
831552249,7.4 Enfermedades Transmisibles
831552249,7.5 Salud Materna y Salud Perinatal
831552249,7.5 Salud Materna y Salud Perinatal
831552249,7.5 Salud Materna y Salud Perinatal
831552249,7.5 Salud Materna y Salud Perinatal
831552249,7.5 Salud Materna y Salud Perinatal
831552249,7.6 Prevención y Atención VIH
831552249,7.6 Prevención y Atención VIH
831552249,7.8 Violencia Sexual
831552249,7.8 Violencia Sexual
831552249,7.9 Salud Nutricional
831552249,7.9 Salud Nutricional
831552249,7.9 Salud Nutricional
831553788,7.1 Servicios de atención primaria
831553788,7.1 Servicios de atención primaria
831553788,7.1 Servicios de atención primaria
831553788,7.1 Servicios de atención primaria
831553788,7.1 Servicios de atención primaria
831553788,7.1 Servicios de atención primaria
831553788,7.10 Vacunación
831553788,7.10 Vacunación
831553788,7.10 Vacunación
831553788,7.10 Vacunación
831553788,7.10 Vacunación
831553788,7.10 Vacunación
831553788,7.10 Vacunación
831553788,7.11 Sistema de Alerta Temprana y Vigilancia Epidemiológica
831553788,7.12 Atención a Lesiones y Traumas
831553788,7.13 Acciones a nivel Institucional
831553788,7.13 Acciones a nivel Institucional
831553788,7.13 Acciones a nivel Institucional
831553788,7.13 Acciones a nivel Institucional
831553788,7.13 Acciones a nivel Institucional
831553788,7.13 Acciones a nivel Institucional
831553788,7.14 Acciones a nivel Comunitario
831553788,7.14 Acciones a nivel Comunitario
831553788,7.14 Acciones a nivel Comunitario
831553788,7.14 Acciones a nivel Comunitario
831553788,7.2 Salud Mental y Acompañamiento Psicosocial
831553788,7.2 Salud Mental y Acompañamiento Psicosocial
831553788,7.2 Salud Mental y Acompañamiento Psicosocial
831553788,7.2 Salud Mental y Acompañamiento Psicosocial
831553788,7.4 Enfermedades Transmisibles
831553788,7.4 Enfermedades Transmisibles
831553788,7.4 Enfermedades Transmisibles
831553788,7.4 Enfermedades Transmisibles
831553788,7.4 Enfermedades Transmisibles
831553788,7.4 Enfermedades Transmisibles
831553788,7.4 Enfermedades Transmisibles
831553788,7.5 Salud Materna y Salud Perinatal
831553788,7.5 Salud Materna y Salud Perinatal
831553788,7.5 Salud Materna y Salud Perinatal
831553788,7.5 Salud Materna y Salud Perinatal
831553788,7.5 Salud Materna y Salud Perinatal
831553788,7.6 Prevención y Atención VIH
831553788,7.6 Prevención y Atención VIH
831553788,7.8 Violencia Sexual
831553788,7.8 Violencia Sexual
831553788,7.9 Salud Nutricional
831553788,7.9 Salud Nutricional
831553788,7.9 Salud Nutricional
831555231,7.1 Servicios de atención primaria
831555231,7.1 Servicios de atención primaria
831555231,7.1 Servicios de atención primaria
831555231,7.1 Servicios de atención primaria
831555231,7.1 Servicios de atención primaria
831555231,7.1 Servicios de atención primaria
831555231,7.10 Vacunación
831555231,7.10 Vacunación
831555231,7.10 Vacunación
831555231,7.10 Vacunación
831555231,7.10 Vacunación
831555231,7.10 Vacunación
831555231,7.10 Vacunación
831555231,7.11 Sistema de Alerta Temprana y Vigilancia Epidemiológica
831555231,7.12 Atención a Lesiones y Traumas
831555231,7.13 Acciones a nivel Institucional
831555231,7.13 Acciones a nivel Institucional
831555231,7.13 Acciones a nivel Institucional
831555231,7.13 Acciones a nivel Institucional
831555231,7.13 Acciones a nivel Institucional
831555231,7.14 Acciones a nivel Comunitario
831555231,7.14 Acciones a nivel Comunitario
831555231,7.14 Acciones a nivel Comunitario
831555231,7.14 Acciones a nivel Comunitario
831555231,7.2 Salud Mental y Acompañamiento Psicosocial
831555231,7.2 Salud Mental y Acompañamiento Psicosocial
831555231,7.2 Salud Mental y Acompañamiento Psicosocial
831555231,7.2 Salud Mental y Acompañamiento Psicosocial
831555231,7.4 Enfermedades Transmisibles
831555231,7.4 Enfermedades Transmisibles
831555231,7.4 Enfermedades Transmisibles
831555231,7.4 Enfermedades Transmisibles
831555231,7.4 Enfermedades Transmisibles
831555231,7.4 Enfermedades Transmisibles
831555231,7.4 Enfermedades Transmisibles
831555231,7.5 Salud Materna y Salud Perinatal
831555231,7.5 Salud Materna y Salud Perinatal
831555231,7.5 Salud Materna y Salud Perinatal
831555231,7.5 Salud Materna y Salud Perinatal
831555231,7.5 Salud Materna y Salud Perinatal
831555231,7.6 Prevención y Atención VIH
831555231,7.6 Prevención y Atención VIH
831555231,7.8 Violencia Sexual
831555231,7.8 Violencia Sexual
831555231,7.9 Salud Nutricional
831555231,7.9 Salud Nutricional
831555231,7.9 Salud Nutricional
831569696,7.1 Servicios de atención primaria
831569696,7.1 Servicios de atención primaria
831569696,7.1 Servicios de atención primaria
831569696,7.1 Servicios de atención primaria
831569696,7.1 Servicios de atención primaria
831569696,7.11 Sistema de Alerta Temprana y Vigilancia Epidemiológica
831569696,7.12 Atención a Lesiones y Traumas
831569696,7.12 Atención a Lesiones y Traumas
831569696,7.12 Atención a Lesiones y Traumas
831569696,7.13 Acciones a nivel Institucional
831569696,7.13 Acciones a nivel Institucional
831569696,7.14 Acciones a nivel Comunitario
831569696,7.14 Acciones a nivel Comunitario
831569696,7.14 Acciones a nivel Comunitario
831569696,7.2 Salud Mental y Acompañamiento Psicosocial
831569696,7.2 Salud Mental y Acompañamiento Psicosocial
831569696,7.3 Enfermedades No Transmisibles
831569696,7.3 Enfermedades No Transmisibles
831569696,7.3 Enfermedades No Transmisibles
831569696,7.3 Enfermedades No Transmisibles
831569696,7.4 Enfermedades Transmisibles
831569696,7.4 Enfermedades Transmisibles
831569696,7.4 Enfermedades Transmisibles
831569696,7.4 Enfermedades Transmisibles
831569696,7.4 Enfermedades Transmisibles
831569696,7.5 Salud Materna y Salud Perinatal
831569696,7.5 Salud Materna y Salud Perinatal
831569696,7.5 Salud Materna y Salud Perinatal
831569696,7.6 Prevención y Atención VIH
831569696,7.7 Salud Sexual y Reproductiva
831569696,7.7 Salud Sexual y Reproductiva
831569696,7.7 Salud Sexual y Reproductiva
831569696,7.7 Salud Sexual y Reproductiva
831569696,7.7 Salud Sexual y Reproductiva
831569696,7.7 Salud Sexual y Reproductiva
831569696,7.7 Salud Sexual y Reproductiva
831569696,7.7 Salud Sexual y Reproductiva
831569696,7.7 Salud Sexual y Reproductiva
831569696,7.9 Salud Nutricional
831569696,7.9 Salud Nutricional
832122239,7.1 Servicios de atención primaria
832122239,7.1 Servicios de atención primaria
832122239,7.1 Servicios de atención primaria
832122239,7.14 Acciones a nivel Comunitario
832122239,7.14 Acciones a nivel Comunitario
832122239,7.14 Acciones a nivel Comunitario
832122239,7.6 Prevención y Atención VIH
832122239,7.6 Prevención y Atención VIH
832122239,7.6 Prevención y Atención VIH
832122239,7.6 Prevención y Atención VIH
832122239,7.6 Prevención y Atención VIH
832122239,7.7 Salud Sexual y Reproductiva
832122239,7.7 Salud Sexual y Reproductiva
832122239,7.7 Salud Sexual y Reproductiva
832122239,7.7 Salud Sexual y Reproductiva
832122239,7.7 Salud Sexual y Reproductiva
832122239,7.7 Salud Sexual y Reproductiva
832122239,7.7 Salud Sexual y Reproductiva
832122239,7.8 Violencia Sexual
832122239,7.8 Violencia Sexual
832122239,7.8 Violencia Sexual
832122239,7.8 Violencia Sexual
832122239,7.8 Violencia Sexual
832122239,7.8 Violencia Sexual
832141148,7.1 Servicios de atención primaria
832141148,7.1 Servicios de atención primaria
832141148,7.1 Servicios de atención primaria
832141148,7.1 Servicios de atención primaria
832141148,7.14 Acciones a nivel Comunitario
832141148,7.14 Acciones a nivel Comunitario
832141148,7.6 Prevención y Atención VIH
832141148,7.6 Prevención y Atención VIH
832141148,7.6 Prevención y Atención VIH
832141148,7.6 Prevención y Atención VIH
832141148,7.6 Prevención y Atención VIH
832141148,7.7 Salud Sexual y Reproductiva
832141148,7.7 Salud Sexual y Reproductiva
832141148,7.7 Salud Sexual y Reproductiva
832141148,7.7 Salud Sexual y Reproductiva
832141148,7.7 Salud Sexual y Reproductiva
832141148,7.7 Salud Sexual y Reproductiva
832141148,7.7 Salud Sexual y Reproductiva
832141148,7.8 Violencia Sexual
832141148,7.8 Violencia Sexual
832141148,7.8 Violencia Sexual
832141148,7.8 Violencia Sexual
832141148,7.8 Violencia Sexual
832141148,7.8 Violencia Sexual
832141148,7.8 Violencia Sexual
832155564,7.1 Servicios de atención primaria
832155564,7.1 Servicios de atención primaria
832155564,7.1 Servicios de atención primaria
832155564,7.1 Servicios de atención primaria
832155564,7.14 Acciones a nivel Comunitario
832155564,7.14 Acciones a nivel Comunitario
832155564,7.5 Salud Materna y Salud Perinatal
832155564,7.5 Salud Materna y Salud Perinatal
832155564,7.5 Salud Materna y Salud Perinatal
832155564,7.5 Salud Materna y Salud Perinatal
832155564,7.6 Prevención y Atención VIH
832155564,7.6 Prevención y Atención VIH
832155564,7.6 Prevención y Atención VIH
832155564,7.6 Prevención y Atención VIH
832155564,7.6 Prevención y Atención VIH
832155564,7.6 Prevención y Atención VIH
832155564,7.7 Salud Sexual y Reproductiva
832155564,7.7 Salud Sexual y Reproductiva
832155564,7.7 Salud Sexual y Reproductiva
832155564,7.7 Salud Sexual y Reproductiva
832155564,7.7 Salud Sexual y Reproductiva
832155564,7.7 Salud Sexual y Reproductiva
832155564,7.7 Salud Sexual y Reproductiva
832155564,7.8 Violencia Sexual
832155564,7.8 Violencia Sexual
832155564,7.8 Violencia Sexual
832155564,7.8 Violencia Sexual
832155564,7.8 Violencia Sexual
832155564,7.8 Violencia Sexual
832306191,7.1 Servicios de atención primaria
832306191,7.1 Servicios de atención primaria
832306191,7.1 Servicios de atención primaria
832306191,7.14 Acciones a nivel Comunitario
832306191,7.15 Gestión de Casos
832306191,7.2 Salud Mental y Acompañamiento Psicosocial
832306191,7.2 Salud Mental y Acompañamiento Psicosocial
832306191,7.3 Enfermedades No Transmisibles
832306191,7.3 Enfermedades No Transmisibles
832306191,7.3 Enfermedades No Transmisibles
832306191,7.3 Enfermedades No Transmisibles
832306191,7.5 Salud Materna y Salud Perinatal
832306191,7.5 Salud Materna y Salud Perinatal
832306191,7.5 Salud Materna y Salud Perinatal
832306191,7.7 Salud Sexual y Reproductiva
832306191,7.7 Salud Sexual y Reproductiva
832306191,7.9 Salud Nutricional
832323144,7.13 Acciones a nivel Institucional
832323144,7.13 Acciones a nivel Institucional
832323144,7.14 Acciones a nivel Comunitario
832323144,7.14 Acciones a nivel Comunitario
832323144,7.14 Acciones a nivel Comunitario
832323144,7.15 Gestión de Casos
832323144,7.15 Gestión de Casos
832323144,7.15 Gestión de Casos
832323144,7.15 Gestión de Casos
832323144,7.15 Gestión de Casos
832323144,7.2 Salud Mental y Acompañamiento Psicosocial
832323144,7.2 Salud Mental y Acompañamiento Psicosocial
832323144,7.2 Salud Mental y Acompañamiento Psicosocial
832323144,7.2 Salud Mental y Acompañamiento Psicosocial
832323144,7.8 Violencia Sexual
832323144,7.8 Violencia Sexual
832323144,7.8 Violencia Sexual
832323144,7.8 Violencia Sexual
832344330,7.13 Acciones a nivel Institucional
832344330,7.13 Acciones a nivel Institucional
832344330,7.13 Acciones a nivel Institucional
832344330,7.14 Acciones a nivel Comunitario
832344330,7.14 Acciones a nivel Comunitario
832344330,7.14 Acciones a nivel Comunitario
832344330,7.15 Gestión de Casos
832344330,7.15 Gestión de Casos
832344330,7.15 Gestión de Casos
832344330,7.15 Gestión de Casos
832344330,7.15 Gestión de Casos
832344330,7.15 Gestión de Casos
832344330,7.2 Salud Mental y Acompañamiento Psicosocial
832344330,7.2 Salud Mental y Acompañamiento Psicosocial
832344330,7.2 Salud Mental y Acompañamiento Psicosocial
832344330,7.2 Salud Mental y Acompañamiento Psicosocial
833557781,7.1 Servicios de atención primaria
833557781,7.1 Servicios de atención primaria
833557781,7.1 Servicios de atención primaria
833557781,7.1 Servicios de atención primaria
833557781,7.1 Servicios de atención primaria
833557781,7.1 Servicios de atención primaria
833557781,7.1 Servicios de atención primaria
833557781,7.11 Sistema de Alerta Temprana y Vigilancia Epidemiológica
833557781,7.12 Atención a Lesiones y Traumas
833557781,7.12 Atención a Lesiones y Traumas
833557781,7.14 Acciones a nivel Comunitario
833557781,7.14 Acciones a nivel Comunitario
833557781,7.14 Acciones a nivel Comunitario
833557781,7.14 Acciones a nivel Comunitario
833557781,7.14 Acciones a nivel Comunitario
833557781,7.14 Acciones a nivel Comunitario
833557781,7.14 Acciones a nivel Comunitario
833557781,7.14 Acciones a nivel Comunitario
833557781,7.14 Acciones a nivel Comunitario
833557781,7.14 Acciones a nivel Comunitario
833557781,7.15 Gestión de Casos
833557781,7.15 Gestión de Casos
833557781,7.15 Gestión de Casos
833557781,7.2 Salud Mental y Acompañamiento Psicosocial
833557781,7.2 Salud Mental y Acompañamiento Psicosocial
833557781,7.2 Salud Mental y Acompañamiento Psicosocial
833557781,7.2 Salud Mental y Acompañamiento Psicosocial
833557781,7.3 Enfermedades No Transmisibles
833557781,7.3 Enfermedades No Transmisibles
833557781,7.3 Enfermedades No Transmisibles
833557781,7.3 Enfermedades No Transmisibles
833557781,7.3 Enfermedades No Transmisibles
833557781,7.3 Enfermedades No Transmisibles
833557781,7.5 Salud Materna y Salud Perinatal
833557781,7.5 Salud Materna y Salud Perinatal
833557781,7.5 Salud Materna y Salud Perinatal
833557781,7.5 Salud Materna y Salud Perinatal
833557781,7.5 Salud Materna y Salud Perinatal
833557781,7.5 Salud Materna y Salud Perinatal
833557781,7.5 Salud Materna y Salud Perinatal
833557781,7.6 Prevención y Atención VIH
833557781,7.7 Salud Sexual y Reproductiva
833557781,7.7 Salud Sexual y Reproductiva
833557781,7.7 Salud Sexual y Reproductiva
833557781,7.7 Salud Sexual y Reproductiva
833580837,7.7 Salud Sexual y Reproductiva
833580837,7.7 Salud Sexual y Reproductiva
833580837,7.7 Salud Sexual y Reproductiva
833580837,7.7 Salud Sexual y Reproductiva
833580837,7.7 Salud Sexual y Reproductiva
833580837,7.7 Salud Sexual y Reproductiva
833580837,7.7 Salud Sexual y Reproductiva
833580837,7.7 Salud Sexual y Reproductiva
833580837,7.7 Salud Sexual y Reproductiva
833580837,7.7 Salud Sexual y Reproductiva
835732731,7.1 Servicios de atención primaria
835732731,7.1 Servicios de atención primaria
835732731,7.1 Servicios de atención primaria
835732731,7.1 Servicios de atención primaria
835732731,7.1 Servicios de atención primaria
835732731,7.1 Servicios de atención primaria
835732731,7.1 Servicios de atención primaria
835732731,7.11 Sistema de Alerta Temprana y Vigilancia Epidemiológica
835732731,7.11 Sistema de Alerta Temprana y Vigilancia Epidemiológica
835732731,7.12 Atención a Lesiones y Traumas
835732731,7.13 Acciones a nivel Institucional
835732731,7.13 Acciones a nivel Institucional
835732731,7.13 Acciones a nivel Institucional
835732731,7.2 Salud Mental y Acompañamiento Psicosocial
835732731,7.2 Salud Mental y Acompañamiento Psicosocial
835732731,7.2 Salud Mental y Acompañamiento Psicosocial
835732731,7.2 Salud Mental y Acompañamiento Psicosocial
835732731,7.3 Enfermedades No Transmisibles
835732731,7.3 Enfermedades No Transmisibles
835732731,7.4 Enfermedades Transmisibles
835732731,7.4 Enfermedades Transmisibles
835732731,7.4 Enfermedades Transmisibles
835732731,7.4 Enfermedades Transmisibles
835732731,7.5 Salud Materna y Salud Perinatal
835732731,7.5 Salud Materna y Salud Perinatal
835732731,7.5 Salud Materna y Salud Perinatal
835732731,7.5 Salud Materna y Salud Perinatal
835732731,7.5 Salud Materna y Salud Perinatal
835732731,7.5 Salud Materna y Salud Perinatal
837000625,7.1 Servicios de atención primaria
837000625,7.1 Servicios de atención primaria
837000625,7.1 Servicios de atención primaria
837000625,7.1 Servicios de atención primaria
837000625,7.1 Servicios de atención primaria
837000625,7.1 Servicios de atención primaria
837000625,7.10 Vacunación
837000625,7.11 Sistema de Alerta Temprana y Vigilancia Epidemiológica
837000625,7.12 Atención a Lesiones y Traumas
837000625,7.12 Atención a Lesiones y Traumas
837000625,7.12 Atención a Lesiones y Traumas
837000625,7.14 Acciones a nivel Comunitario
837000625,7.14 Acciones a nivel Comunitario
837000625,7.15 Gestión de Casos
837000625,7.15 Gestión de Casos
837000625,7.15 Gestión de Casos
837000625,7.2 Salud Mental y Acompañamiento Psicosocial
837000625,7.2 Salud Mental y Acompañamiento Psicosocial
837000625,7.2 Salud Mental y Acompañamiento Psicosocial
837000625,7.2 Salud Mental y Acompañamiento Psicosocial
837000625,7.2 Salud Mental y Acompañamiento Psicosocial
837000625,7.3 Enfermedades No Transmisibles
837000625,7.3 Enfermedades No Transmisibles
837000625,7.3 Enfermedades No Transmisibles
837000625,7.3 Enfermedades No Transmisibles
837000625,7.3 Enfermedades No Transmisibles
837000625,7.4 Enfermedades Transmisibles
837000625,7.4 Enfermedades Transmisibles
837000625,7.4 Enfermedades Transmisibles
837000625,7.4 Enfermedades Transmisibles
837000625,7.4 Enfermedades Transmisibles
837000625,7.4 Enfermedades Transmisibles
837000625,7.5 Salud Materna y Salud Perinatal
837000625,7.5 Salud Materna y Salud Perinatal
837000625,7.5 Salud Materna y Salud Perinatal
837000625,7.5 Salud Materna y Salud Perinatal
837000625,7.5 Salud Materna y Salud Perinatal
837000625,7.5 Salud Materna y Salud Perinatal
837000625,7.5 Salud Materna y Salud Perinatal
837000625,7.5 Salud Materna y Salud Perinatal
837000625,7.9 Salud Nutricional
837000625,7.9 Salud Nutricional
837000625,7.9 Salud Nutricional
837802975,7.2 Salud Mental y Acompañamiento Psicosocial
837802975,7.2 Salud Mental y Acompañamiento Psicosocial
842163868,7.1 Servicios de atención primaria
842163868,7.1 Servicios de atención primaria
842163868,7.1 Servicios de atención primaria
842163868,7.1 Servicios de atención primaria
842163868,7.1 Servicios de atención primaria
842163868,7.1 Servicios de atención primaria
842163868,7.1 Servicios de atención primaria
842163868,7.11 Sistema de Alerta Temprana y Vigilancia Epidemiológica
842163868,7.11 Sistema de Alerta Temprana y Vigilancia Epidemiológica
842163868,7.11 Sistema de Alerta Temprana y Vigilancia Epidemiológica
842163868,7.12 Atención a Lesiones y Traumas
842163868,7.12 Atención a Lesiones y Traumas
842163868,7.14 Acciones a nivel Comunitario
842163868,7.14 Acciones a nivel Comunitario
842163868,7.14 Acciones a nivel Comunitario
842163868,7.14 Acciones a nivel Comunitario
842163868,7.14 Acciones a nivel Comunitario
842163868,7.14 Acciones a nivel Comunitario
842163868,7.14 Acciones a nivel Comunitario
842163868,7.15 Gestión de Casos
842163868,7.15 Gestión de Casos
842163868,7.15 Gestión de Casos
842163868,7.3 Enfermedades No Transmisibles
842163868,7.3 Enfermedades No Transmisibles
842163868,7.3 Enfermedades No Transmisibles
842163868,7.3 Enfermedades No Transmisibles
842163868,7.3 Enfermedades No Transmisibles
842163868,7.3 Enfermedades No Transmisibles
842163868,7.3 Enfermedades No Transmisibles
842163868,7.5 Salud Materna y Salud Perinatal
842163868,7.6 Prevención y Atención VIH
842163868,7.6 Prevención y Atención VIH
842163868,7.9 Salud Nutricional
842163868,7.9 Salud Nutricional
842163868,7.9 Salud Nutricional
842163868,7.9 Salud Nutricional
842188504,7.1 Servicios de atención primaria
842188504,7.1 Servicios de atención primaria
842188504,7.1 Servicios de atención primaria
842188504,7.1 Servicios de atención primaria
842188504,7.1 Servicios de atención primaria
842188504,7.1 Servicios de atención primaria
842188504,7.1 Servicios de atención primaria
842188504,7.11 Sistema de Alerta Temprana y Vigilancia Epidemiológica
842188504,7.11 Sistema de Alerta Temprana y Vigilancia Epidemiológica
842188504,7.11 Sistema de Alerta Temprana y Vigilancia Epidemiológica
842188504,7.12 Atención a Lesiones y Traumas
842188504,7.12 Atención a Lesiones y Traumas
842188504,7.13 Acciones a nivel Institucional
842188504,7.15 Gestión de Casos
842188504,7.15 Gestión de Casos
842188504,7.15 Gestión de Casos
842188504,7.2 Salud Mental y Acompañamiento Psicosocial
842188504,7.2 Salud Mental y Acompañamiento Psicosocial
842188504,7.3 Enfermedades No Transmisibles
842188504,7.3 Enfermedades No Transmisibles
842188504,7.3 Enfermedades No Transmisibles
842188504,7.3 Enfermedades No Transmisibles
842188504,7.3 Enfermedades No Transmisibles
842188504,7.3 Enfermedades No Transmisibles
842188504,7.3 Enfermedades No Transmisibles
842188504,7.4 Enfermedades Transmisibles
842188504,7.4 Enfermedades Transmisibles
842188504,7.4 Enfermedades Transmisibles
842188504,7.4 Enfermedades Transmisibles
842188504,7.4 Enfermedades Transmisibles
842188504,7.5 Salud Materna y Salud Perinatal
842188504,7.9 Salud Nutricional
842188504,7.9 Salud Nutricional
842188504,7.9 Salud Nutricional
842188504,7.9 Salud Nutricional
842188504,7.9 Salud Nutricional
844526564,7.1 Servicios de atención primaria
844526564,7.1 Servicios de atención primaria
844526564,7.1 Servicios de atención primaria
844526564,7.1 Servicios de atención primaria
844526564,7.1 Servicios de atención primaria
844526564,7.1 Servicios de atención primaria
844526564,7.1 Servicios de atención primaria
844526564,7.10 Vacunación
844526564,7.10 Vacunación
844526564,7.11 Sistema de Alerta Temprana y Vigilancia Epidemiológica
844526564,7.11 Sistema de Alerta Temprana y Vigilancia Epidemiológica
844526564,7.12 Atención a Lesiones y Traumas
844526564,7.13 Acciones a nivel Institucional
844526564,7.13 Acciones a nivel Institucional
844526564,7.13 Acciones a nivel Institucional
844526564,7.13 Acciones a nivel Institucional
844526564,7.13 Acciones a nivel Institucional
844526564,7.14 Acciones a nivel Comunitario
844526564,7.14 Acciones a nivel Comunitario
844526564,7.14 Acciones a nivel Comunitario
844526564,7.14 Acciones a nivel Comunitario
844526564,7.14 Acciones a nivel Comunitario
844526564,7.2 Salud Mental y Acompañamiento Psicosocial
844526564,7.2 Salud Mental y Acompañamiento Psicosocial
844526564,7.2 Salud Mental y Acompañamiento Psicosocial
844526564,7.2 Salud Mental y Acompañamiento Psicosocial
844526564,7.3 Enfermedades No Transmisibles
844526564,7.3 Enfermedades No Transmisibles
844526564,7.3 Enfermedades No Transmisibles
844526564,7.3 Enfermedades No Transmisibles
844526564,7.3 Enfermedades No Transmisibles
844526564,7.4 Enfermedades Transmisibles
844526564,7.4 Enfermedades Transmisibles
844526564,7.4 Enfermedades Transmisibles
844526564,7.4 Enfermedades Transmisibles
844526564,7.4 Enfermedades Transmisibles
844526564,7.4 Enfermedades Transmisibles
844526564,7.4 Enfermedades Transmisibles
844526564,7.4 Enfermedades Transmisibles
844526564,7.5 Salud Materna y Salud Perinatal
844526564,7.5 Salud Materna y Salud Perinatal
844526564,7.5 Salud Materna y Salud Perinatal
844526564,7.5 Salud Materna y Salud Perinatal
844526564,7.5 Salud Materna y Salud Perinatal
844526564,7.5 Salud Materna y Salud Perinatal
844526564,7.6 Prevención y Atención VIH
844526564,7.6 Prevención y Atención VIH
844526564,7.6 Prevención y Atención VIH
844526564,7.6 Prevención y Atención VIH
844526564,7.7 Salud Sexual y Reproductiva
844526564,7.7 Salud Sexual y Reproductiva
844526564,7.7 Salud Sexual y Reproductiva
844526564,7.7 Salud Sexual y Reproductiva
844526564,7.7 Salud Sexual y Reproductiva
844526564,7.7 Salud Sexual y Reproductiva
844526564,7.7 Salud Sexual y Reproductiva
844526564,7.7 Salud Sexual y Reproductiva
844526564,7.8 Violencia Sexual
844526564,7.8 Violencia Sexual
844526564,7.8 Violencia Sexual
844526564,7.8 Violencia Sexual
844526564,7.9 Salud Nutricional
845337961,7.13 Acciones a nivel Institucional
845337961,7.13 Acciones a nivel Institucional
845337961,7.14 Acciones a nivel Comunitario
848403004,7.15 Gestión de Casos
848771208,7.1 Servicios de atención primaria
848771208,7.1 Servicios de atención primaria
848771208,7.1 Servicios de atención primaria
848771208,7.1 Servicios de atención primaria
848771208,7.1 Servicios de atención primaria
848771208,7.1 Servicios de atención primaria
848771208,7.1 Servicios de atención primaria
848771208,7.11 Sistema de Alerta Temprana y Vigilancia Epidemiológica
848771208,7.11 Sistema de Alerta Temprana y Vigilancia Epidemiológica
848771208,7.11 Sistema de Alerta Temprana y Vigilancia Epidemiológica
848771208,7.11 Sistema de Alerta Temprana y Vigilancia Epidemiológica
848771208,7.11 Sistema de Alerta Temprana y Vigilancia Epidemiológica
848771208,7.11 Sistema de Alerta Temprana y Vigilancia Epidemiológica
848771208,7.13 Acciones a nivel Institucional
848771208,7.13 Acciones a nivel Institucional
848771208,7.13 Acciones a nivel Institucional
848771208,7.13 Acciones a nivel Institucional
848771208,7.14 Acciones a nivel Comunitario
848771208,7.14 Acciones a nivel Comunitario
848771208,7.14 Acciones a nivel Comunitario
848771208,7.14 Acciones a nivel Comunitario
848771208,7.14 Acciones a nivel Comunitario
848771208,7.14 Acciones a nivel Comunitario
848771208,7.14 Acciones a nivel Comunitario
848771208,7.14 Acciones a nivel Comunitario
848771208,7.15 Gestión de Casos
848771208,7.15 Gestión de Casos
848771208,7.15 Gestión de Casos
848771208,7.2 Salud Mental y Acompañamiento Psicosocial
848771208,7.2 Salud Mental y Acompañamiento Psicosocial
848771208,7.2 Salud Mental y Acompañamiento Psicosocial
848771208,7.4 Enfermedades Transmisibles
848771208,7.4 Enfermedades Transmisibles
848771208,7.5 Salud Materna y Salud Perinatal
848771208,7.5 Salud Materna y Salud Perinatal
848771208,7.5 Salud Materna y Salud Perinatal
848771208,7.5 Salud Materna y Salud Perinatal
848771208,7.5 Salud Materna y Salud Perinatal
848771208,7.5 Salud Materna y Salud Perinatal
848771208,7.7 Salud Sexual y Reproductiva
848771208,7.9 Salud Nutricional
848771208,7.9 Salud Nutricional
848771208,7.9 Salud Nutricional
848771208,7.9 Salud Nutricional
849293771,7.1 Servicios de atención primaria
849293771,7.1 Servicios de atención primaria
849293771,7.1 Servicios de atención primaria
849293771,7.1 Servicios de atención primaria
849293771,7.12 Atención a Lesiones y Traumas
849293771,7.14 Acciones a nivel Comunitario
849293771,7.3 Enfermedades No Transmisibles
849293771,7.3 Enfermedades No Transmisibles
849293771,7.4 Enfermedades Transmisibles
849293771,7.4 Enfermedades Transmisibles
849293771,7.4 Enfermedades Transmisibles
849293771,7.5 Salud Materna y Salud Perinatal
849293771,7.6 Prevención y Atención VIH
849293771,7.6 Prevención y Atención VIH
849293771,7.6 Prevención y Atención VIH
849293771,7.6 Prevención y Atención VIH
849293771,7.6 Prevención y Atención VIH
849293771,7.6 Prevención y Atención VIH
