id_reporte,fecha_reporte,indicador_interno,indicador_codigo,indicador,unidad,total,mujeres,hombres,ninas,ninos,discapacidad,tiene_desagregacion
844568470,2026-07-31,smaps_autoayuda,3.1.1,Número de personas con servicios de autoayuda y apoyo en la comunidad,Personas,1284,400,370,257,257,0,1
844568470,2026-07-31,smaps_pap,3.1.2,Número de personas alcanzadas con primeros auxilios psicológicos,Personas,130,68,62,0,0,0,1
844568470,2026-07-31,smaps_atencion_clinica,3.1.4,Número de personas alcanzadas con atención clínica en salud mental,Personas,118,73,45,0,0,0,1
844568470,2026-07-31,nt_diagnostico,3.2.1,Número de personas con enfermedades no transmisibles que recibieron diagnóstico,Personas,147,60,52,20,15,0,1
844568470,2026-07-31,nt_tratamiento,3.2.2,Número de personas con enfermedades no transmisibles que recibieron tratamiento,Personas,147,60,52,20,15,0,1
844568470,2026-07-31,trans_diagnostico,3.3.1,Número de personas con enfermedades transmisibles que recibieron diagnóstico,Personas,2,0,2,0,0,0,1
844568470,2026-07-31,trans_tratamiento,3.3.2,Número de personas con enfermedades transmisibles que recibieron tratamiento,Personas,2,0,2,0,0,0,1
844568470,2026-07-31,trans_medicamentos,3.3.3,Número de personas con enfermedades transmisibles que recibieron medicamentos,Personas,2,0,2,0,0,0,1
844568470,2026-07-31,3_8_2,3.8.2,Número de instituciones apoyadas en inmunización,Instituciones,1,0,0,0,0,0,0
844568470,2026-07-31,trauma_atendidas,3.9.1,Número de personas atendidas por lesiones y trauma,Personas,90,36,31,12,11,0,1
844568470,2026-07-31,3_11_3,3.11.3,Número de instituciones que recibieron donaciones de medicamentos,Instituciones,4,0,0,0,0,0,0
844568470,2026-07-31,3_11_5,3.11.5,"Número de instituciones apoyadas mediante acciones de agua, saneamiento e higiene",Instituciones,3,0,0,0,0,0,0
849309944,2026-07-31,trans_diagnostico,3.3.1,Número de personas con enfermedades transmisibles que recibieron diagnóstico,Personas,4,3,1,0,0,0,1
849309944,2026-07-31,vih_seguimiento,3.3.10,Número de personas con VIH/ITS que recibieron control y seguimiento médico,Personas,1,0,1,0,0,0,1
849309944,2026-07-31,vih_derivados,3.3.11,Número de casos derivados relacionados con VIH e ITS,Casos,1,0,1,0,0,0,1
849309944,2026-07-31,trans_derivados,3.3.6,Número de casos derivados por enfermedades transmisibles,Casos,1,0,1,0,0,0,1
849309944,2026-07-31,vih_diagnostico,3.3.7,"Número de personas con VIH/ITS que recibieron diagnóstico, incluidas pruebas rápidas",Personas,50,38,12,0,0,0,1
849309944,2026-07-31,vih_examenes,3.3.8,Número de personas con VIH/ITS que recibieron exámenes de laboratorio de seguimiento,Personas,1,0,1,0,0,0,1
838163768,2026-08-01,smaps_autoayuda,3.1.1,Número de personas con servicios de autoayuda y apoyo en la comunidad,Personas,1,0,1,0,0,0,1
838163768,2026-08-01,smaps_pap,3.1.2,Número de personas alcanzadas con primeros auxilios psicológicos,Personas,1,0,1,0,0,0,1
838163768,2026-08-01,smaps_intervenciones,3.1.3,Número de personas alcanzadas con intervenciones psicológicas,Personas,1,0,1,0,0,0,1
838163768,2026-08-01,nt_diagnostico,3.2.1,Número de personas con enfermedades no transmisibles que recibieron diagnóstico,Personas,147,103,44,0,0,0,1
838163768,2026-08-01,nt_tratamiento,3.2.2,Número de personas con enfermedades no transmisibles que recibieron tratamiento,Personas,149,101,48,0,0,0,1
838163768,2026-08-01,trans_diagnostico,3.3.1,Número de personas con enfermedades transmisibles que recibieron diagnóstico,Personas,31,23,8,0,0,0,1
838163768,2026-08-01,trans_gestion_casos,3.3.5,Número de personas con enfermedades transmisibles en gestión de casos,Personas,1,1,0,0,0,0,1
838163768,2026-08-01,trans_derivados,3.3.6,Número de casos derivados por enfermedades transmisibles,Casos,1,1,0,0,0,0,1
838163768,2026-08-01,vih_diagnostico,3.3.7,"Número de personas con VIH/ITS que recibieron diagnóstico, incluidas pruebas rápidas",Personas,1,1,0,0,0,0,1
838163768,2026-08-01,vih_examenes,3.3.8,Número de personas con VIH/ITS que recibieron exámenes de laboratorio de seguimiento,Personas,1,1,0,0,0,0,1
831436576,2026-08-03,inmun_talento_humano,3.8.3,Número de personas del talento humano apoyadas en inmunización,Profesionales,345,44,301,0,0,0,1
831450273,2026-08-03,inmun_personas_vacunadas,3.8.1,Número de personas vacunadas a partir del apoyo de las organizaciones al Estado,Personas,50,2,42,0,6,0,1
831453022,2026-08-03,smaps_intervenciones,3.1.3,Número de personas alcanzadas con intervenciones psicológicas,Personas,5,1,4,0,0,0,1
831453022,2026-08-03,inmun_personas_vacunadas,3.8.1,Número de personas vacunadas a partir del apoyo de las organizaciones al Estado,Personas,108,21,83,4,0,13,1
831455330,2026-08-03,inmun_personas_vacunadas,3.8.1,Número de personas vacunadas a partir del apoyo de las organizaciones al Estado,Personas,28,0,27,0,1,0,1
831458843,2026-08-03,inmun_personas_vacunadas,3.8.1,Número de personas vacunadas a partir del apoyo de las organizaciones al Estado,Personas,501,156,261,10,74,0,1
831459788,2026-08-03,inmun_personas_vacunadas,3.8.1,Número de personas vacunadas a partir del apoyo de las organizaciones al Estado,Personas,118,35,72,5,6,0,1
831460710,2026-08-03,inmun_personas_vacunadas,3.8.1,Número de personas vacunadas a partir del apoyo de las organizaciones al Estado,Personas,20,4,15,0,1,0,1
831462112,2026-08-03,inmun_personas_vacunadas,3.8.1,Número de personas vacunadas a partir del apoyo de las organizaciones al Estado,Personas,32,13,19,0,0,0,1
831463699,2026-08-03,inmun_personas_vacunadas,3.8.1,Número de personas vacunadas a partir del apoyo de las organizaciones al Estado,Personas,64,8,54,1,1,0,1
831464596,2026-08-03,inmun_personas_vacunadas,3.8.1,Número de personas vacunadas a partir del apoyo de las organizaciones al Estado,Personas,11,2,9,0,0,0,1
831465517,2026-08-03,inmun_personas_vacunadas,3.8.1,Número de personas vacunadas a partir del apoyo de las organizaciones al Estado,Personas,121,9,100,3,9,0,1
831466464,2026-08-03,inmun_personas_vacunadas,3.8.1,Número de personas vacunadas a partir del apoyo de las organizaciones al Estado,Personas,3,2,1,0,0,0,1
831467231,2026-08-03,inmun_personas_vacunadas,3.8.1,Número de personas vacunadas a partir del apoyo de las organizaciones al Estado,Personas,5,0,0,2,3,0,1
831468145,2026-08-03,inmun_personas_vacunadas,3.8.1,Número de personas vacunadas a partir del apoyo de las organizaciones al Estado,Personas,66,3,54,2,7,0,1
831468943,2026-08-03,inmun_personas_vacunadas,3.8.1,Número de personas vacunadas a partir del apoyo de las organizaciones al Estado,Personas,10,5,4,1,0,0,1
831470328,2026-08-03,inmun_personas_vacunadas,3.8.1,Número de personas vacunadas a partir del apoyo de las organizaciones al Estado,Personas,140,34,98,3,5,0,1
831471580,2026-08-03,inmun_personas_vacunadas,3.8.1,Número de personas vacunadas a partir del apoyo de las organizaciones al Estado,Personas,20,2,13,0,5,0,1
831472318,2026-08-03,inmun_personas_vacunadas,3.8.1,Número de personas vacunadas a partir del apoyo de las organizaciones al Estado,Personas,142,35,105,1,1,0,1
831472776,2026-08-03,inmun_personas_vacunadas,3.8.1,Número de personas vacunadas a partir del apoyo de las organizaciones al Estado,Personas,27,5,22,0,0,0,1
831473830,2026-08-03,inmun_personas_vacunadas,3.8.1,Número de personas vacunadas a partir del apoyo de las organizaciones al Estado,Personas,36,12,21,3,0,0,1
831476536,2026-08-03,smaps_pap,3.1.2,Número de personas alcanzadas con primeros auxilios psicológicos,Personas,9,4,4,0,1,0,1
831476536,2026-08-03,smaps_intervenciones,3.1.3,Número de personas alcanzadas con intervenciones psicológicas,Personas,68,0,33,32,3,3,1
831476536,2026-08-03,inmun_personas_vacunadas,3.8.1,Número de personas vacunadas a partir del apoyo de las organizaciones al Estado,Personas,64,15,37,6,6,0,1
831476536,2026-08-03,3_11_2,3.11.2,Número de instituciones dotadas con insumos,Instituciones,1,0,0,0,0,0,0
831476536,2026-08-03,3_11_3,3.11.3,Número de instituciones que recibieron donaciones de medicamentos,Instituciones,1,0,0,0,0,0,0
831477716,2026-08-03,inmun_personas_vacunadas,3.8.1,Número de personas vacunadas a partir del apoyo de las organizaciones al Estado,Personas,19,10,5,2,2,0,1
831478459,2026-08-03,inmun_personas_vacunadas,3.8.1,Número de personas vacunadas a partir del apoyo de las organizaciones al Estado,Personas,31,19,10,1,1,0,1
831480867,2026-08-03,inmun_personas_vacunadas,3.8.1,Número de personas vacunadas a partir del apoyo de las organizaciones al Estado,Personas,190,77,59,31,23,0,1
831481844,2026-08-03,inmun_personas_vacunadas,3.8.1,Número de personas vacunadas a partir del apoyo de las organizaciones al Estado,Personas,59,22,26,8,3,0,1
831485357,2026-08-03,inmun_personas_vacunadas,3.8.1,Número de personas vacunadas a partir del apoyo de las organizaciones al Estado,Personas,101,16,62,9,14,0,1
831485357,2026-08-03,3_11_2,3.11.2,Número de instituciones dotadas con insumos,Instituciones,1,0,0,0,0,0,0
831485357,2026-08-03,3_11_3,3.11.3,Número de instituciones que recibieron donaciones de medicamentos,Instituciones,1,0,0,0,0,0,0
831486619,2026-08-03,inmun_personas_vacunadas,3.8.1,Número de personas vacunadas a partir del apoyo de las organizaciones al Estado,Personas,14,5,9,0,0,0,1
831486619,2026-08-03,3_11_2,3.11.2,Número de instituciones dotadas con insumos,Instituciones,1,0,0,0,0,0,0
831486619,2026-08-03,3_11_3,3.11.3,Número de instituciones que recibieron donaciones de medicamentos,Instituciones,1,0,0,0,0,0,0
831487453,2026-08-03,inmun_personas_vacunadas,3.8.1,Número de personas vacunadas a partir del apoyo de las organizaciones al Estado,Personas,6,2,0,3,1,0,1
831487453,2026-08-03,3_11_2,3.11.2,Número de instituciones dotadas con insumos,Instituciones,1,0,0,0,0,0,0
831487453,2026-08-03,3_11_3,3.11.3,Número de instituciones que recibieron donaciones de medicamentos,Instituciones,1,0,0,0,0,0,0
831488250,2026-08-03,inmun_personas_vacunadas,3.8.1,Número de personas vacunadas a partir del apoyo de las organizaciones al Estado,Personas,1,0,0,1,0,0,1
831489085,2026-08-03,inmun_personas_vacunadas,3.8.1,Número de personas vacunadas a partir del apoyo de las organizaciones al Estado,Personas,20,4,15,1,0,0,1
831490249,2026-08-03,inmun_personas_vacunadas,3.8.1,Número de personas vacunadas a partir del apoyo de las organizaciones al Estado,Personas,20,0,0,6,14,0,1
831490249,2026-08-03,3_11_2,3.11.2,Número de instituciones dotadas con insumos,Instituciones,1,0,0,0,0,0,0
831490249,2026-08-03,3_11_3,3.11.3,Número de instituciones que recibieron donaciones de medicamentos,Instituciones,1,0,0,0,0,0,0
831490249,2026-08-03,3_11_4,3.11.4,Número de instituciones apoyadas en infraestructura de establecimientos de salud,Instituciones,1,0,0,0,0,0,0
831491213,2026-08-03,inmun_personas_vacunadas,3.8.1,Número de personas vacunadas a partir del apoyo de las organizaciones al Estado,Personas,146,43,82,10,11,0,1
831492609,2026-08-03,inmun_personas_vacunadas,3.8.1,Número de personas vacunadas a partir del apoyo de las organizaciones al Estado,Personas,165,87,71,3,4,0,1
831493757,2026-08-03,smaps_pap,3.1.2,Número de personas alcanzadas con primeros auxilios psicológicos,Personas,38,0,0,18,20,1,1
831493757,2026-08-03,inmun_personas_vacunadas,3.8.1,Número de personas vacunadas a partir del apoyo de las organizaciones al Estado,Personas,306,176,91,21,18,0,1
831494972,2026-08-03,inmun_personas_vacunadas,3.8.1,Número de personas vacunadas a partir del apoyo de las organizaciones al Estado,Personas,28,13,12,2,1,0,1
831495745,2026-08-03,inmun_personas_vacunadas,3.8.1,Número de personas vacunadas a partir del apoyo de las organizaciones al Estado,Personas,33,3,30,0,0,0,1
831496781,2026-08-03,inmun_personas_vacunadas,3.8.1,Número de personas vacunadas a partir del apoyo de las organizaciones al Estado,Personas,8,5,3,0,0,0,1
831498731,2026-08-03,inmun_personas_vacunadas,3.8.1,Número de personas vacunadas a partir del apoyo de las organizaciones al Estado,Personas,1,0,0,0,1,0,1
831498731,2026-08-03,3_11_2,3.11.2,Número de instituciones dotadas con insumos,Instituciones,1,0,0,0,0,0,0
831498731,2026-08-03,3_11_3,3.11.3,Número de instituciones que recibieron donaciones de medicamentos,Instituciones,1,0,0,0,0,0,0
831499980,2026-08-03,inmun_personas_vacunadas,3.8.1,Número de personas vacunadas a partir del apoyo de las organizaciones al Estado,Personas,14,4,2,5,3,0,1
831500804,2026-08-03,inmun_personas_vacunadas,3.8.1,Número de personas vacunadas a partir del apoyo de las organizaciones al Estado,Personas,9,5,3,0,1,0,1
831501262,2026-08-03,inmun_personas_vacunadas,3.8.1,Número de personas vacunadas a partir del apoyo de las organizaciones al Estado,Personas,5,0,5,0,0,0,1
831501913,2026-08-03,inmun_personas_vacunadas,3.8.1,Número de personas vacunadas a partir del apoyo de las organizaciones al Estado,Personas,20,8,7,3,2,0,1
831502911,2026-08-03,inmun_personas_vacunadas,3.8.1,Número de personas vacunadas a partir del apoyo de las organizaciones al Estado,Personas,18,5,7,2,4,0,1
831506748,2026-08-03,inmun_personas_vacunadas,3.8.1,Número de personas vacunadas a partir del apoyo de las organizaciones al Estado,Personas,4,1,3,0,0,0,1
831507854,2026-08-03,inmun_personas_vacunadas,3.8.1,Número de personas vacunadas a partir del apoyo de las organizaciones al Estado,Personas,7,0,0,3,4,0,1
831507854,2026-08-03,3_11_2,3.11.2,Número de instituciones dotadas con insumos,Instituciones,1,0,0,0,0,0,0
831507854,2026-08-03,3_11_3,3.11.3,Número de instituciones que recibieron donaciones de medicamentos,Instituciones,1,0,0,0,0,0,0
831508656,2026-08-03,inmun_personas_vacunadas,3.8.1,Número de personas vacunadas a partir del apoyo de las organizaciones al Estado,Personas,20,10,5,2,3,0,1
831509315,2026-08-03,inmun_personas_vacunadas,3.8.1,Número de personas vacunadas a partir del apoyo de las organizaciones al Estado,Personas,16529,6157,8379,729,1264,0,1
831509315,2026-08-03,3_11_2,3.11.2,Número de instituciones dotadas con insumos,Instituciones,1,0,0,0,0,0,0
831509315,2026-08-03,3_11_3,3.11.3,Número de instituciones que recibieron donaciones de medicamentos,Instituciones,1,0,0,0,0,0,0
831510094,2026-08-03,smaps_autoayuda,3.1.1,Número de personas con servicios de autoayuda y apoyo en la comunidad,Personas,1,0,0,0,1,0,1
831510647,2026-08-03,inmun_personas_vacunadas,3.8.1,Número de personas vacunadas a partir del apoyo de las organizaciones al Estado,Personas,7,3,3,0,1,0,1
831511258,2026-08-03,inmun_personas_vacunadas,3.8.1,Número de personas vacunadas a partir del apoyo de las organizaciones al Estado,Personas,212,71,99,16,26,0,1
831511905,2026-08-03,inmun_personas_vacunadas,3.8.1,Número de personas vacunadas a partir del apoyo de las organizaciones al Estado,Personas,24,15,8,1,0,0,1
831512573,2026-08-03,inmun_personas_vacunadas,3.8.1,Número de personas vacunadas a partir del apoyo de las organizaciones al Estado,Personas,5,3,1,1,0,0,1
831512573,2026-08-03,3_11_2,3.11.2,Número de instituciones dotadas con insumos,Instituciones,1,0,0,0,0,0,0
831512573,2026-08-03,3_11_3,3.11.3,Número de instituciones que recibieron donaciones de medicamentos,Instituciones,1,0,0,0,0,0,0
831513255,2026-08-03,inmun_personas_vacunadas,3.8.1,Número de personas vacunadas a partir del apoyo de las organizaciones al Estado,Personas,9,1,0,4,4,0,1
831513946,2026-08-03,inmun_personas_vacunadas,3.8.1,Número de personas vacunadas a partir del apoyo de las organizaciones al Estado,Personas,56,27,14,7,8,0,1
831514417,2026-08-03,inmun_personas_vacunadas,3.8.1,Número de personas vacunadas a partir del apoyo de las organizaciones al Estado,Personas,130,60,56,9,5,0,1
831514863,2026-08-03,inmun_personas_vacunadas,3.8.1,Número de personas vacunadas a partir del apoyo de las organizaciones al Estado,Personas,24,9,12,1,2,0,1
831515293,2026-08-03,inmun_personas_vacunadas,3.8.1,Número de personas vacunadas a partir del apoyo de las organizaciones al Estado,Personas,43,20,23,0,0,0,1
831517415,2026-08-03,3_11_2,3.11.2,Número de instituciones dotadas con insumos,Instituciones,1,0,0,0,0,0,0
831517415,2026-08-03,3_11_3,3.11.3,Número de instituciones que recibieron donaciones de medicamentos,Instituciones,1,0,0,0,0,0,0
831518046,2026-08-03,3_11_2,3.11.2,Número de instituciones dotadas con insumos,Instituciones,1,0,0,0,0,0,0
831518046,2026-08-03,3_11_3,3.11.3,Número de instituciones que recibieron donaciones de medicamentos,Instituciones,1,0,0,0,0,0,0
831518490,2026-08-03,3_11_2,3.11.2,Número de instituciones dotadas con insumos,Instituciones,1,0,0,0,0,0,0
831518490,2026-08-03,3_11_3,3.11.3,Número de instituciones que recibieron donaciones de medicamentos,Instituciones,1,0,0,0,0,0,0
831518911,2026-08-03,3_11_2,3.11.2,Número de instituciones dotadas con insumos,Instituciones,1,0,0,0,0,0,0
831518911,2026-08-03,3_11_3,3.11.3,Número de instituciones que recibieron donaciones de medicamentos,Instituciones,1,0,0,0,0,0,0
831519586,2026-08-03,3_11_2,3.11.2,Número de instituciones dotadas con insumos,Instituciones,1,0,0,0,0,0,0
831519586,2026-08-03,3_11_3,3.11.3,Número de instituciones que recibieron donaciones de medicamentos,Instituciones,1,0,0,0,0,0,0
831520120,2026-08-03,3_11_2,3.11.2,Número de instituciones dotadas con insumos,Instituciones,1,0,0,0,0,0,0
831520120,2026-08-03,3_11_3,3.11.3,Número de instituciones que recibieron donaciones de medicamentos,Instituciones,1,0,0,0,0,0,0
831521216,2026-08-03,3_11_2,3.11.2,Número de instituciones dotadas con insumos,Instituciones,1,0,0,0,0,0,0
831521216,2026-08-03,3_11_3,3.11.3,Número de instituciones que recibieron donaciones de medicamentos,Instituciones,1,0,0,0,0,0,0
831521704,2026-08-03,3_11_2,3.11.2,Número de instituciones dotadas con insumos,Instituciones,1,0,0,0,0,0,0
831521704,2026-08-03,3_11_3,3.11.3,Número de instituciones que recibieron donaciones de medicamentos,Instituciones,1,0,0,0,0,0,0
831523843,2026-08-03,3_11_2,3.11.2,Número de instituciones dotadas con insumos,Instituciones,1,0,0,0,0,0,0
831523843,2026-08-03,3_11_3,3.11.3,Número de instituciones que recibieron donaciones de medicamentos,Instituciones,1,0,0,0,0,0,0
831523843,2026-08-03,3_11_4,3.11.4,Número de instituciones apoyadas en infraestructura de establecimientos de salud,Instituciones,1,0,0,0,0,0,0
831524173,2026-08-03,3_11_2,3.11.2,Número de instituciones dotadas con insumos,Instituciones,1,0,0,0,0,0,0
831524173,2026-08-03,3_11_3,3.11.3,Número de instituciones que recibieron donaciones de medicamentos,Instituciones,1,0,0,0,0,0,0
831524173,2026-08-03,3_11_4,3.11.4,Número de instituciones apoyadas en infraestructura de establecimientos de salud,Instituciones,1,0,0,0,0,0,0
831524465,2026-08-03,3_11_2,3.11.2,Número de instituciones dotadas con insumos,Instituciones,1,0,0,0,0,0,0
831524465,2026-08-03,3_11_3,3.11.3,Número de instituciones que recibieron donaciones de medicamentos,Instituciones,1,0,0,0,0,0,0
831524465,2026-08-03,3_11_4,3.11.4,Número de instituciones apoyadas en infraestructura de establecimientos de salud,Instituciones,1,0,0,0,0,0,0
831524862,2026-08-03,3_11_2,3.11.2,Número de instituciones dotadas con insumos,Instituciones,1,0,0,0,0,0,0
831524862,2026-08-03,3_11_3,3.11.3,Número de instituciones que recibieron donaciones de medicamentos,Instituciones,1,0,0,0,0,0,0
831524862,2026-08-03,3_11_4,3.11.4,Número de instituciones apoyadas en infraestructura de establecimientos de salud,Instituciones,1,0,0,0,0,0,0
831525277,2026-08-03,3_11_2,3.11.2,Número de instituciones dotadas con insumos,Instituciones,1,0,0,0,0,0,0
831525277,2026-08-03,3_11_3,3.11.3,Número de instituciones que recibieron donaciones de medicamentos,Instituciones,1,0,0,0,0,0,0
831525277,2026-08-03,3_11_4,3.11.4,Número de instituciones apoyadas en infraestructura de establecimientos de salud,Instituciones,1,0,0,0,0,0,0
831525808,2026-08-03,3_11_2,3.11.2,Número de instituciones dotadas con insumos,Instituciones,1,0,0,0,0,0,0
831525808,2026-08-03,3_11_3,3.11.3,Número de instituciones que recibieron donaciones de medicamentos,Instituciones,1,0,0,0,0,0,0
831525808,2026-08-03,3_11_4,3.11.4,Número de instituciones apoyadas en infraestructura de establecimientos de salud,Instituciones,1,0,0,0,0,0,0
830436181,2026-08-04,nt_diagnostico,3.2.1,Número de personas con enfermedades no transmisibles que recibieron diagnóstico,Personas,162,81,45,21,15,15,1
830436181,2026-08-04,nt_tratamiento,3.2.2,Número de personas con enfermedades no transmisibles que recibieron tratamiento,Personas,162,81,45,21,15,15,1
830436181,2026-08-04,nt_medicamentos,3.2.3,Número de personas con enfermedades no transmisibles que recibieron medicamentos,Personas,162,81,45,21,15,15,1
830436181,2026-08-04,nt_insumos,3.2.4,Número de personas con enfermedades no transmisibles que recibieron insumos,Personas,162,81,45,21,15,15,1
830436181,2026-08-04,inst_profesionales_apoyados,3.11.1,Número de profesionales de salud apoyados,Profesionales,4,4,0,0,0,0,1
830436181,2026-08-04,3_11_2,3.11.2,Número de instituciones dotadas con insumos,Instituciones,1,0,0,0,0,0,0
830436181,2026-08-04,3_11_3,3.11.3,Número de instituciones que recibieron donaciones de medicamentos,Instituciones,1,0,0,0,0,0,0
830442109,2026-08-04,smaps_intervenciones,3.1.3,Número de personas alcanzadas con intervenciones psicológicas,Personas,115,73,33,4,5,0,1
830442109,2026-08-04,nt_diagnostico,3.2.1,Número de personas con enfermedades no transmisibles que recibieron diagnóstico,Personas,68,43,16,6,3,3,1
830442109,2026-08-04,nt_tratamiento,3.2.2,Número de personas con enfermedades no transmisibles que recibieron tratamiento,Personas,68,43,16,6,3,3,1
830442109,2026-08-04,nt_medicamentos,3.2.3,Número de personas con enfermedades no transmisibles que recibieron medicamentos,Personas,68,43,16,6,3,3,1
830442109,2026-08-04,nt_insumos,3.2.4,Número de personas con enfermedades no transmisibles que recibieron insumos,Personas,68,43,16,6,3,3,1
830442109,2026-08-04,trans_diagnostico,3.3.1,Número de personas con enfermedades transmisibles que recibieron diagnóstico,Personas,68,43,16,6,3,3,1
830442109,2026-08-04,trans_tratamiento,3.3.2,Número de personas con enfermedades transmisibles que recibieron tratamiento,Personas,68,43,16,6,3,3,1
830442109,2026-08-04,trans_medicamentos,3.3.3,Número de personas con enfermedades transmisibles que recibieron medicamentos,Personas,68,43,16,6,3,3,1
830442109,2026-08-04,trans_insumos,3.3.4,Número de personas con enfermedades transmisibles que recibieron insumos,Personas,65,43,16,3,3,3,1
830442109,2026-08-04,inst_profesionales_apoyados,3.11.1,Número de profesionales de salud apoyados,Profesionales,4,3,1,0,0,0,1
830442109,2026-08-04,3_11_2,3.11.2,Número de instituciones dotadas con insumos,Instituciones,1,0,0,0,0,0,0
830442109,2026-08-04,3_11_3,3.11.3,Número de instituciones que recibieron donaciones de medicamentos,Instituciones,1,0,0,0,0,0,0
830444181,2026-08-04,nt_diagnostico,3.2.1,Número de personas con enfermedades no transmisibles que recibieron diagnóstico,Personas,95,48,28,9,10,1,1
830444181,2026-08-04,nt_tratamiento,3.2.2,Número de personas con enfermedades no transmisibles que recibieron tratamiento,Personas,95,48,28,9,10,1,1
830444181,2026-08-04,nt_medicamentos,3.2.3,Número de personas con enfermedades no transmisibles que recibieron medicamentos,Personas,95,48,28,9,10,1,1
830444181,2026-08-04,nt_insumos,3.2.4,Número de personas con enfermedades no transmisibles que recibieron insumos,Personas,95,48,28,9,10,1,1
830444885,2026-08-04,nt_diagnostico,3.2.1,Número de personas con enfermedades no transmisibles que recibieron diagnóstico,Personas,11,6,5,0,0,0,1
830444885,2026-08-04,nt_tratamiento,3.2.2,Número de personas con enfermedades no transmisibles que recibieron tratamiento,Personas,11,6,5,0,0,0,1
830444885,2026-08-04,nt_medicamentos,3.2.3,Número de personas con enfermedades no transmisibles que recibieron medicamentos,Personas,11,6,5,0,0,0,1
830444885,2026-08-04,nt_gestion_casos,3.2.5,Número de personas con enfermedades no transmisibles en gestión de casos,Personas,11,6,5,0,0,0,1
830444885,2026-08-04,nt_derivados,3.2.6,Número de casos derivados,Casos,11,6,5,0,0,0,1
830444885,2026-08-04,trans_diagnostico,3.3.1,Número de personas con enfermedades transmisibles que recibieron diagnóstico,Personas,21,9,5,5,2,0,1
830444885,2026-08-04,trans_tratamiento,3.3.2,Número de personas con enfermedades transmisibles que recibieron tratamiento,Personas,21,9,5,5,2,0,1
830444885,2026-08-04,trans_medicamentos,3.3.3,Número de personas con enfermedades transmisibles que recibieron medicamentos,Personas,21,9,5,5,2,0,1
830444885,2026-08-04,mp_atencion_no_prenatal,3.4.5,Número de gestantes que recibieron atención médica diferente al control prenatal,Personas,1,1,0,0,0,0,1
830444885,2026-08-04,mp_derivados,3.4.7,Número de casos derivados,Casos,1,1,0,0,0,0,1
830444885,2026-08-04,nut_manejo_desnutricion_aguda,3.7.4,Número de personas alcanzadas con manejo ambulatorio de la desnutrición aguda,Personas,3,0,0,2,1,0,1
830444885,2026-08-04,nut_consultas_nutricion,3.7.5,Número de personas alcanzadas con consultas de nutrición,Personas,3,0,0,2,1,0,1
830445567,2026-08-04,nt_diagnostico,3.2.1,Número de personas con enfermedades no transmisibles que recibieron diagnóstico,Personas,91,43,29,8,11,7,1
830445567,2026-08-04,nt_tratamiento,3.2.2,Número de personas con enfermedades no transmisibles que recibieron tratamiento,Personas,91,43,29,8,11,7,1
830445567,2026-08-04,nt_medicamentos,3.2.3,Número de personas con enfermedades no transmisibles que recibieron medicamentos,Personas,91,43,29,8,11,7,1
830445567,2026-08-04,nt_insumos,3.2.4,Número de personas con enfermedades no transmisibles que recibieron insumos,Personas,91,43,29,8,11,7,1
831422493,2026-08-05,nt_diagnostico,3.2.1,Número de personas con enfermedades no transmisibles que recibieron diagnóstico,Personas,81,44,12,13,12,0,1
831423365,2026-08-05,nt_diagnostico,3.2.1,Número de personas con enfermedades no transmisibles que recibieron diagnóstico,Personas,52,26,16,5,5,0,1
831424374,2026-08-05,nt_diagnostico,3.2.1,Número de personas con enfermedades no transmisibles que recibieron diagnóstico,Personas,39,20,12,5,2,0,1
831424952,2026-08-05,nt_diagnostico,3.2.1,Número de personas con enfermedades no transmisibles que recibieron diagnóstico,Personas,69,43,12,9,5,0,1
831425499,2026-08-05,nt_diagnostico,3.2.1,Número de personas con enfermedades no transmisibles que recibieron diagnóstico,Personas,9,3,5,0,1,0,1
831427861,2026-08-05,smaps_intervenciones,3.1.3,Número de personas alcanzadas con intervenciones psicológicas,Personas,11,6,3,0,2,0,1
831427861,2026-08-05,nt_diagnostico,3.2.1,Número de personas con enfermedades no transmisibles que recibieron diagnóstico,Personas,215,131,69,8,7,0,1
831429205,2026-08-05,smaps_autoayuda,3.1.1,Número de personas con servicios de autoayuda y apoyo en la comunidad,Personas,3,2,0,0,1,0,1
831429205,2026-08-05,nt_diagnostico,3.2.1,Número de personas con enfermedades no transmisibles que recibieron diagnóstico,Personas,72,33,25,5,9,0,1
831430034,2026-08-05,nt_diagnostico,3.2.1,Número de personas con enfermedades no transmisibles que recibieron diagnóstico,Personas,96,43,12,18,23,0,1
831430657,2026-08-05,nt_diagnostico,3.2.1,Número de personas con enfermedades no transmisibles que recibieron diagnóstico,Personas,74,41,12,6,15,0,1
831432082,2026-08-05,nt_diagnostico,3.2.1,Número de personas con enfermedades no transmisibles que recibieron diagnóstico,Personas,92,47,17,14,14,0,1
831433918,2026-08-05,nt_diagnostico,3.2.1,Número de personas con enfermedades no transmisibles que recibieron diagnóstico,Personas,172,66,57,27,22,0,1
831434777,2026-08-05,nt_diagnostico,3.2.1,Número de personas con enfermedades no transmisibles que recibieron diagnóstico,Personas,89,37,20,16,16,0,1
838125240,2026-08-05,smaps_autoayuda,3.1.1,Número de personas con servicios de autoayuda y apoyo en la comunidad,Personas,5,4,1,0,0,0,1
838125240,2026-08-05,nt_diagnostico,3.2.1,Número de personas con enfermedades no transmisibles que recibieron diagnóstico,Personas,91,62,29,0,0,0,1
838125240,2026-08-05,ssr_anticoncepcion_emergencia,3.5.1,Número de personas que recibieron anticonceptivos de emergencia,Personas,31,30,1,0,0,0,1
832323001,2026-08-06,ssr_anticoncepcion_emergencia,3.5.1,Número de personas que recibieron anticonceptivos de emergencia,Personas,395,349,0,46,0,13,1
832323001,2026-08-06,ssr_metodos_quirurgicos,3.5.2,Número de personas que recibieron procedimientos de métodos quirúrgicos,Procedimientos,462,417,0,45,0,12,1
832323001,2026-08-06,ssr_metodos_larga_corta_duracion,3.5.3,Número de personas que recibieron métodos anticonceptivos de larga y corta duración,Personas,367,322,0,45,0,11,1
832323001,2026-08-06,ssr_metodos_temporales,3.5.4,Número de personas que recibieron métodos temporales de corta duración,Personas,33,33,0,0,0,0,1
832323001,2026-08-06,ssr_derivados,3.5.6,Número de casos derivados,Casos,4,4,0,0,0,0,1
832410403,2026-08-06,ssr_anticoncepcion_emergencia,3.5.1,Número de personas que recibieron anticonceptivos de emergencia,Personas,1442,1309,0,133,0,15,1
832410403,2026-08-06,ssr_metodos_quirurgicos,3.5.2,Número de personas que recibieron procedimientos de métodos quirúrgicos,Procedimientos,1244,1068,0,176,0,12,1
832410403,2026-08-06,ssr_metodos_larga_corta_duracion,3.5.3,Número de personas que recibieron métodos anticonceptivos de larga y corta duración,Personas,1457,1267,0,190,0,13,1
832410403,2026-08-06,ssr_metodos_temporales,3.5.4,Número de personas que recibieron métodos temporales de corta duración,Personas,230,214,0,16,0,1,1
832410403,2026-08-06,ssr_derivados,3.5.6,Número de casos derivados,Casos,12,11,0,1,0,0,1
834192340,2026-08-08,ssr_anticoncepcion_emergencia,3.5.1,Número de personas que recibieron anticonceptivos de emergencia,Personas,25,22,0,3,0,0,1
834192340,2026-08-08,ssr_metodos_quirurgicos,3.5.2,Número de personas que recibieron procedimientos de métodos quirúrgicos,Procedimientos,24,21,0,3,0,0,1
834192340,2026-08-08,ssr_metodos_larga_corta_duracion,3.5.3,Número de personas que recibieron métodos anticonceptivos de larga y corta duración,Personas,25,22,0,3,0,0,1
834192340,2026-08-08,ssr_metodos_temporales,3.5.4,Número de personas que recibieron métodos temporales de corta duración,Personas,1,1,0,0,0,0,1
835869458,2026-08-10,smaps_pap,3.1.2,Número de personas alcanzadas con primeros auxilios psicológicos,Personas,251,186,65,0,0,0,1
835869458,2026-08-10,smaps_intervenciones,3.1.3,Número de personas alcanzadas con intervenciones psicológicas,Personas,251,186,65,0,0,0,1
835869458,2026-08-10,smaps_atencion_clinica,3.1.4,Número de personas alcanzadas con atención clínica en salud mental,Personas,251,186,65,0,0,0,1
835869458,2026-08-10,smaps_medicamentos,3.1.5,Número de personas alcanzadas con entrega de medicamentos psicotrópicos esenciales,Personas,251,186,65,0,0,0,1
835869458,2026-08-10,nt_diagnostico,3.2.1,Número de personas con enfermedades no transmisibles que recibieron diagnóstico,Personas,755,468,262,15,10,0,1
835869458,2026-08-10,nt_tratamiento,3.2.2,Número de personas con enfermedades no transmisibles que recibieron tratamiento,Personas,755,468,262,15,10,0,1
835869458,2026-08-10,nt_medicamentos,3.2.3,Número de personas con enfermedades no transmisibles que recibieron medicamentos,Personas,755,468,262,15,10,0,1
835869458,2026-08-10,trans_diagnostico,3.3.1,Número de personas con enfermedades transmisibles que recibieron diagnóstico,Personas,1524,830,609,47,38,12,1
835869458,2026-08-10,trans_tratamiento,3.3.2,Número de personas con enfermedades transmisibles que recibieron tratamiento,Personas,1524,830,609,47,38,0,1
835869458,2026-08-10,trans_medicamentos,3.3.3,Número de personas con enfermedades transmisibles que recibieron medicamentos,Personas,1524,830,609,47,38,0,1
835869458,2026-08-10,trans_derivados,3.3.6,Número de casos derivados por enfermedades transmisibles,Casos,508,281,159,48,20,0,1
835869458,2026-08-10,mp_ecografias,3.4.1,Número de ecografías realizadas a gestantes,Procedimientos,326,326,0,0,0,0,1
835869458,2026-08-10,trauma_atendidas,3.9.1,Número de personas atendidas por lesiones y trauma,Personas,14,4,10,0,0,0,1
835952228,2026-08-10,ssr_anticoncepcion_emergencia,3.5.1,Número de personas que recibieron anticonceptivos de emergencia,Personas,48,39,1,8,0,0,1
835952228,2026-08-10,ssr_metodos_quirurgicos,3.5.2,Número de personas que recibieron procedimientos de métodos quirúrgicos,Procedimientos,39,31,0,8,0,0,1
835952228,2026-08-10,ssr_metodos_larga_corta_duracion,3.5.3,Número de personas que recibieron métodos anticonceptivos de larga y corta duración,Personas,48,39,1,8,0,0,1
835952228,2026-08-10,ssr_metodos_temporales,3.5.4,Número de personas que recibieron métodos temporales de corta duración,Personas,9,8,1,0,0,0,1
835952228,2026-08-10,vsex_casos_atendidos,3.6.1,Número de casos atendidos por violencia sexual,Casos,1,1,0,0,0,0,1
835952228,2026-08-10,vsex_personas_capacitadas,3.6.3,Número de personas capacitadas en prevención de la violencia sexual,Personas,1,1,0,0,0,0,1
837105860,2026-08-11,ssr_anticoncepcion_emergencia,3.5.1,Número de personas que recibieron anticonceptivos de emergencia,Personas,80,66,0,14,0,0,1
837105860,2026-08-11,ssr_metodos_quirurgicos,3.5.2,Número de personas que recibieron procedimientos de métodos quirúrgicos,Procedimientos,64,54,0,10,0,0,1
837105860,2026-08-11,ssr_metodos_larga_corta_duracion,3.5.3,Número de personas que recibieron métodos anticonceptivos de larga y corta duración,Personas,80,66,0,14,0,0,1
837105860,2026-08-11,ssr_metodos_temporales,3.5.4,Número de personas que recibieron métodos temporales de corta duración,Personas,16,12,0,4,0,0,1
838284673,2026-08-11,smaps_pap,3.1.2,Número de personas alcanzadas con primeros auxilios psicológicos,Personas,178,115,41,14,8,5,1
838284673,2026-08-11,smaps_atencion_clinica,3.1.4,Número de personas alcanzadas con atención clínica en salud mental,Personas,190,122,43,15,10,5,1
838284673,2026-08-11,smaps_medicamentos,3.1.5,Número de personas alcanzadas con entrega de medicamentos psicotrópicos esenciales,Personas,145,97,32,10,6,3,1
838284673,2026-08-11,nt_diagnostico,3.2.1,Número de personas con enfermedades no transmisibles que recibieron diagnóstico,Personas,2244,1241,821,96,86,34,1
838284673,2026-08-11,nt_tratamiento,3.2.2,Número de personas con enfermedades no transmisibles que recibieron tratamiento,Personas,2141,1187,779,93,82,32,1
838284673,2026-08-11,nt_medicamentos,3.2.3,Número de personas con enfermedades no transmisibles que recibieron medicamentos,Personas,2069,1146,756,89,78,31,1
838284673,2026-08-11,nt_insumos,3.2.4,Número de personas con enfermedades no transmisibles que recibieron insumos,Personas,505,243,187,41,34,8,1
838284673,2026-08-11,nt_derivados,3.2.6,Número de casos derivados,Casos,70,41,18,6,5,2,1
838284673,2026-08-11,trans_diagnostico,3.3.1,Número de personas con enfermedades transmisibles que recibieron diagnóstico,Personas,343,168,132,19,24,4,1
838284673,2026-08-11,vih_derivados,3.3.11,Número de casos derivados relacionados con VIH e ITS,Casos,12,7,2,3,0,0,1
838284673,2026-08-11,trans_tratamiento,3.3.2,Número de personas con enfermedades transmisibles que recibieron tratamiento,Personas,332,163,128,18,23,4,1
838284673,2026-08-11,trans_medicamentos,3.3.3,Número de personas con enfermedades transmisibles que recibieron medicamentos,Personas,316,155,122,17,22,4,1
838284673,2026-08-11,trans_insumos,3.3.4,Número de personas con enfermedades transmisibles que recibieron insumos,Personas,104,52,38,6,8,1,1
838284673,2026-08-11,trans_derivados,3.3.6,Número de casos derivados por enfermedades transmisibles,Casos,5,3,1,0,1,0,1
838284673,2026-08-11,vih_diagnostico,3.3.7,"Número de personas con VIH/ITS que recibieron diagnóstico, incluidas pruebas rápidas",Personas,56,48,5,2,1,1,1
838284673,2026-08-11,mp_atencion_no_prenatal,3.4.5,Número de gestantes que recibieron atención médica diferente al control prenatal,Personas,8,8,0,0,0,0,1
838284673,2026-08-11,mp_neonatos_atendidos,3.4.6,Número de neonatos atendidos,Personas,1,0,0,1,0,0,1
838284673,2026-08-11,ssr_metodos_quirurgicos,3.5.2,Número de personas que recibieron procedimientos de métodos quirúrgicos,Procedimientos,7,1,4,1,1,0,1
838284673,2026-08-11,ssr_metodos_larga_corta_duracion,3.5.3,Número de personas que recibieron métodos anticonceptivos de larga y corta duración,Personas,8,7,0,1,0,0,1
838284673,2026-08-11,nut_consejeria_lactancia,3.7.1,Número de personas alcanzadas con consejería o educación en lactancia materna y alimentación complementaria,Personas,8,8,0,0,0,0,1
838284673,2026-08-11,nut_micronutrientes,3.7.2,Número de personas alcanzadas con suplementación de micronutrientes,Personas,217,118,47,22,30,4,1
838284673,2026-08-11,nut_suplementacion,3.7.3,Número de personas alcanzadas con suplementación nutricional,Personas,67,24,11,14,18,1,1
838284673,2026-08-11,nut_manejo_desnutricion_aguda,3.7.4,Número de personas alcanzadas con manejo ambulatorio de la desnutrición aguda,Personas,19,4,2,8,5,0,1
838284673,2026-08-11,nut_consultas_nutricion,3.7.5,Número de personas alcanzadas con consultas de nutrición,Personas,91,35,14,21,21,0,1
838284673,2026-08-11,inmun_personas_vacunadas,3.8.1,Número de personas vacunadas a partir del apoyo de las organizaciones al Estado,Personas,115,61,25,11,18,0,1
838284673,2026-08-11,trauma_atendidas,3.9.1,Número de personas atendidas por lesiones y trauma,Personas,157,67,48,19,23,0,1
838284673,2026-08-11,trauma_derivados,3.9.2,Número de personas derivadas,Personas,15,5,6,2,2,0,1
838284673,2026-08-11,discapacidad_auditiva,3.10.1,Discapacidad Auditiva,Personas,6,2,3,1,0,0,1
838284673,2026-08-11,discapacidad_motora,3.10.2,Discapacidad Motora,Personas,10,4,5,0,1,0,1
838284673,2026-08-11,discapacidad_intelectual,3.10.3,Discapacidad Intelectual,Personas,10,2,1,2,5,0,1
838284673,2026-08-11,discapacidad_visual,3.10.4,Discapacidad Visual,Personas,6,3,2,0,1,0,1
838284673,2026-08-11,3_11_2,3.11.2,Número de instituciones dotadas con insumos,Instituciones,5,0,0,0,0,0,0
838284673,2026-08-11,3_11_3,3.11.3,Número de instituciones que recibieron donaciones de medicamentos,Instituciones,1,0,0,0,0,0,0
838284673,2026-08-11,3_11_5,3.11.5,"Número de instituciones apoyadas mediante acciones de agua, saneamiento e higiene",Instituciones,1,0,0,0,0,0,0
838275063,2026-08-12,ssr_anticoncepcion_emergencia,3.5.1,Número de personas que recibieron anticonceptivos de emergencia,Personas,42,31,0,11,0,0,1
838275063,2026-08-12,ssr_metodos_quirurgicos,3.5.2,Número de personas que recibieron procedimientos de métodos quirúrgicos,Procedimientos,34,24,0,10,0,0,1
838275063,2026-08-12,ssr_metodos_larga_corta_duracion,3.5.3,Número de personas que recibieron métodos anticonceptivos de larga y corta duración,Personas,42,31,0,11,0,0,1
838275063,2026-08-12,ssr_metodos_temporales,3.5.4,Número de personas que recibieron métodos temporales de corta duración,Personas,8,7,0,1,0,0,1
831480054,2026-08-13,inmun_personas_vacunadas,3.8.1,Número de personas vacunadas a partir del apoyo de las organizaciones al Estado,Personas,34,18,13,2,1,0,1
839576714,2026-08-13,ssr_anticoncepcion_emergencia,3.5.1,Número de personas que recibieron anticonceptivos de emergencia,Personas,70,62,0,8,0,0,1
839576714,2026-08-13,ssr_metodos_quirurgicos,3.5.2,Número de personas que recibieron procedimientos de métodos quirúrgicos,Procedimientos,52,45,0,0,7,0,1
839576714,2026-08-13,ssr_metodos_larga_corta_duracion,3.5.3,Número de personas que recibieron métodos anticonceptivos de larga y corta duración,Personas,70,62,0,0,8,0,1
839576714,2026-08-13,ssr_metodos_temporales,3.5.4,Número de personas que recibieron métodos temporales de corta duración,Personas,18,17,0,0,1,0,1
840393907,2026-08-14,ssr_anticoncepcion_emergencia,3.5.1,Número de personas que recibieron anticonceptivos de emergencia,Personas,49,45,0,4,0,0,1
840393907,2026-08-14,ssr_metodos_quirurgicos,3.5.2,Número de personas que recibieron procedimientos de métodos quirúrgicos,Procedimientos,39,35,0,4,0,0,1
840393907,2026-08-14,ssr_metodos_larga_corta_duracion,3.5.3,Número de personas que recibieron métodos anticonceptivos de larga y corta duración,Personas,49,45,0,4,0,0,1
840393907,2026-08-14,ssr_metodos_temporales,3.5.4,Número de personas que recibieron métodos temporales de corta duración,Personas,12,12,0,0,0,0,1
840931955,2026-08-15,trans_diagnostico,3.3.1,Número de personas con enfermedades transmisibles que recibieron diagnóstico,Personas,3,2,1,0,0,0,1
840931955,2026-08-15,trans_tratamiento,3.3.2,Número de personas con enfermedades transmisibles que recibieron tratamiento,Personas,2,1,1,0,0,0,1
840931955,2026-08-15,trans_medicamentos,3.3.3,Número de personas con enfermedades transmisibles que recibieron medicamentos,Personas,3,2,1,0,0,0,1
840931955,2026-08-15,vih_diagnostico,3.3.7,"Número de personas con VIH/ITS que recibieron diagnóstico, incluidas pruebas rápidas",Personas,3,2,1,0,0,0,1
840931955,2026-08-15,ssr_anticoncepcion_emergencia,3.5.1,Número de personas que recibieron anticonceptivos de emergencia,Personas,21,18,0,3,0,0,1
840931955,2026-08-15,ssr_metodos_quirurgicos,3.5.2,Número de personas que recibieron procedimientos de métodos quirúrgicos,Procedimientos,15,13,0,2,0,0,1
840931955,2026-08-15,ssr_metodos_larga_corta_duracion,3.5.3,Número de personas que recibieron métodos anticonceptivos de larga y corta duración,Personas,21,18,0,3,0,0,1
840931955,2026-08-15,ssr_metodos_temporales,3.5.4,Número de personas que recibieron métodos temporales de corta duración,Personas,6,5,0,1,0,0,1
840931955,2026-08-15,vsex_casos_atendidos,3.6.1,Número de casos atendidos por violencia sexual,Casos,1,1,0,0,0,0,1
840931955,2026-08-15,vsex_derivados,3.6.2,Número de casos derivados,Casos,1,1,0,0,0,0,1
842344027,2026-08-15,ssr_anticoncepcion_emergencia,3.5.1,Número de personas que recibieron anticonceptivos de emergencia,Personas,52,45,0,7,0,0,1
842344027,2026-08-15,ssr_metodos_quirurgicos,3.5.2,Número de personas que recibieron procedimientos de métodos quirúrgicos,Procedimientos,38,31,0,7,0,0,1
842344027,2026-08-15,ssr_metodos_larga_corta_duracion,3.5.3,Número de personas que recibieron métodos anticonceptivos de larga y corta duración,Personas,52,45,0,7,0,0,1
842344027,2026-08-15,ssr_metodos_temporales,3.5.4,Número de personas que recibieron métodos temporales de corta duración,Personas,14,14,0,0,0,0,1
848779259,2026-08-17,smaps_derivados,3.1.6,Número de casos derivados,Casos,13,8,4,0,1,0,1
848779259,2026-08-17,nt_diagnostico,3.2.1,Número de personas con enfermedades no transmisibles que recibieron diagnóstico,Personas,441,315,126,0,0,5,1
848779259,2026-08-17,nt_tratamiento,3.2.2,Número de personas con enfermedades no transmisibles que recibieron tratamiento,Personas,438,315,123,0,0,4,1
848779259,2026-08-17,nt_medicamentos,3.2.3,Número de personas con enfermedades no transmisibles que recibieron medicamentos,Personas,435,315,120,0,0,5,1
848779259,2026-08-17,nt_insumos,3.2.4,Número de personas con enfermedades no transmisibles que recibieron insumos,Personas,158,110,48,0,0,5,1
848779259,2026-08-17,nt_gestion_casos,3.2.5,Número de personas con enfermedades no transmisibles en gestión de casos,Personas,6,1,4,0,1,0,1
848779259,2026-08-17,nt_derivados,3.2.6,Número de casos derivados,Casos,1,0,0,0,1,0,1
848779259,2026-08-17,trans_diagnostico,3.3.1,Número de personas con enfermedades transmisibles que recibieron diagnóstico,Personas,27,15,12,0,0,0,1
848779259,2026-08-17,vih_diagnostico,3.3.7,"Número de personas con VIH/ITS que recibieron diagnóstico, incluidas pruebas rápidas",Personas,25,15,10,0,0,0,1
848779259,2026-08-17,mp_consulta_nutricion,3.4.3,Número de gestantes que recibieron consultas de nutrición,Personas,5,5,0,0,0,0,1
848779259,2026-08-17,mp_atencion_no_prenatal,3.4.5,Número de gestantes que recibieron atención médica diferente al control prenatal,Personas,20,20,0,0,0,1,1
848779259,2026-08-17,mp_neonatos_atendidos,3.4.6,Número de neonatos atendidos,Personas,15,0,0,6,9,0,1
848779259,2026-08-17,nut_consejeria_lactancia,3.7.1,Número de personas alcanzadas con consejería o educación en lactancia materna y alimentación complementaria,Personas,44,38,6,0,0,0,1
848779259,2026-08-17,nut_micronutrientes,3.7.2,Número de personas alcanzadas con suplementación de micronutrientes,Personas,20,20,0,0,0,1,1
848779259,2026-08-17,nut_suplementacion,3.7.3,Número de personas alcanzadas con suplementación nutricional,Personas,2,2,0,0,0,1,1
848779259,2026-08-17,nut_manejo_desnutricion_aguda,3.7.4,Número de personas alcanzadas con manejo ambulatorio de la desnutrición aguda,Personas,1,1,0,0,0,0,1
848779259,2026-08-17,nut_consultas_nutricion,3.7.5,Número de personas alcanzadas con consultas de nutrición,Personas,70,70,0,0,0,0,1
848779259,2026-08-17,trauma_atendidas,3.9.1,Número de personas atendidas por lesiones y trauma,Personas,11,1,10,0,0,0,1
848779259,2026-08-17,discapacidad_auditiva,3.10.1,Discapacidad Auditiva,Personas,2,0,2,0,0,0,1
848779259,2026-08-17,discapacidad_motora,3.10.2,Discapacidad Motora,Personas,3,0,3,0,0,0,1
848779259,2026-08-17,discapacidad_intelectual,3.10.3,Discapacidad Intelectual,Personas,10,3,7,0,0,0,1
848779259,2026-08-17,discapacidad_visual,3.10.4,Discapacidad Visual,Personas,1,0,1,0,0,0,1
848779259,2026-08-17,3_11_2,3.11.2,Número de instituciones dotadas con insumos,Instituciones,3,0,0,0,0,0,0
848779259,2026-08-17,3_11_3,3.11.3,Número de instituciones que recibieron donaciones de medicamentos,Instituciones,3,0,0,0,0,0,0
848779259,2026-08-17,3_11_5,3.11.5,"Número de instituciones apoyadas mediante acciones de agua, saneamiento e higiene",Instituciones,4,0,0,0,0,0,0
843508717,2026-08-18,ssr_anticoncepcion_emergencia,3.5.1,Número de personas que recibieron anticonceptivos de emergencia,Personas,101,88,0,13,0,0,1
843508717,2026-08-18,ssr_metodos_quirurgicos,3.5.2,Número de personas que recibieron procedimientos de métodos quirúrgicos,Procedimientos,79,67,0,12,0,0,1
843508717,2026-08-18,ssr_metodos_larga_corta_duracion,3.5.3,Número de personas que recibieron métodos anticonceptivos de larga y corta duración,Personas,101,88,0,13,0,0,1
843508717,2026-08-18,ssr_metodos_temporales,3.5.4,Número de personas que recibieron métodos temporales de corta duración,Personas,23,21,0,2,0,0,1
844189387,2026-08-18,nt_diagnostico,3.2.1,Número de personas con enfermedades no transmisibles que recibieron diagnóstico,Personas,45,23,22,0,0,0,1
844189387,2026-08-18,nt_tratamiento,3.2.2,Número de personas con enfermedades no transmisibles que recibieron tratamiento,Personas,45,23,22,0,0,0,1
844189387,2026-08-18,nt_medicamentos,3.2.3,Número de personas con enfermedades no transmisibles que recibieron medicamentos,Personas,45,23,22,0,0,0,1
844189387,2026-08-18,trans_diagnostico,3.3.1,Número de personas con enfermedades transmisibles que recibieron diagnóstico,Personas,11,6,4,1,0,0,1
844189387,2026-08-18,trans_tratamiento,3.3.2,Número de personas con enfermedades transmisibles que recibieron tratamiento,Personas,11,6,4,1,0,0,1
844189387,2026-08-18,trans_medicamentos,3.3.3,Número de personas con enfermedades transmisibles que recibieron medicamentos,Personas,11,6,4,1,0,0,1
844189387,2026-08-18,discapacidad_visual,3.10.4,Discapacidad Visual,Personas,1,0,1,0,0,0,1
844189822,2026-08-18,nt_diagnostico,3.2.1,Número de personas con enfermedades no transmisibles que recibieron diagnóstico,Personas,33,15,17,0,1,0,1
844189822,2026-08-18,nt_tratamiento,3.2.2,Número de personas con enfermedades no transmisibles que recibieron tratamiento,Personas,33,15,17,0,1,0,1
844189822,2026-08-18,nt_medicamentos,3.2.3,Número de personas con enfermedades no transmisibles que recibieron medicamentos,Personas,33,15,17,0,1,0,1
844189822,2026-08-18,nt_insumos,3.2.4,Número de personas con enfermedades no transmisibles que recibieron insumos,Personas,1,1,0,0,0,0,1
844189822,2026-08-18,trans_diagnostico,3.3.1,Número de personas con enfermedades transmisibles que recibieron diagnóstico,Personas,27,10,14,1,2,0,1
844189822,2026-08-18,trans_tratamiento,3.3.2,Número de personas con enfermedades transmisibles que recibieron tratamiento,Personas,27,10,14,1,2,0,1
844189822,2026-08-18,trans_medicamentos,3.3.3,Número de personas con enfermedades transmisibles que recibieron medicamentos,Personas,27,10,14,1,2,0,1
844189822,2026-08-18,trauma_atendidas,3.9.1,Número de personas atendidas por lesiones y trauma,Personas,1,1,0,0,0,0,1
845475797,2026-08-18,inmun_personas_vacunadas,3.8.1,Número de personas vacunadas a partir del apoyo de las organizaciones al Estado,Personas,6,5,0,0,1,0,1
845553489,2026-08-18,inmun_personas_vacunadas,3.8.1,Número de personas vacunadas a partir del apoyo de las organizaciones al Estado,Personas,17,5,0,0,12,0,1
845569382,2026-08-18,inmun_personas_vacunadas,3.8.1,Número de personas vacunadas a partir del apoyo de las organizaciones al Estado,Personas,12,0,0,5,7,0,1
845576384,2026-08-18,3_11_2,3.11.2,Número de instituciones dotadas con insumos,Instituciones,1,0,0,0,0,0,0
845576384,2026-08-18,3_11_3,3.11.3,Número de instituciones que recibieron donaciones de medicamentos,Instituciones,1,0,0,0,0,0,0
845580803,2026-08-18,inmun_personas_vacunadas,3.8.1,Número de personas vacunadas a partir del apoyo de las organizaciones al Estado,Personas,14,0,0,9,5,0,1
845661915,2026-08-18,nut_consejeria_lactancia,3.7.1,Número de personas alcanzadas con consejería o educación en lactancia materna y alimentación complementaria,Personas,2,2,0,0,0,0,1
845661915,2026-08-18,nut_micronutrientes,3.7.2,Número de personas alcanzadas con suplementación de micronutrientes,Personas,4,0,4,0,0,0,1
845661915,2026-08-18,nut_consultas_nutricion,3.7.5,Número de personas alcanzadas con consultas de nutrición,Personas,14,0,0,7,7,0,1
845661915,2026-08-18,3_11_2,3.11.2,Número de instituciones dotadas con insumos,Instituciones,1,0,0,0,0,0,0
845661915,2026-08-18,3_11_3,3.11.3,Número de instituciones que recibieron donaciones de medicamentos,Instituciones,1,0,0,0,0,0,0
845662512,2026-08-18,inmun_personas_vacunadas,3.8.1,Número de personas vacunadas a partir del apoyo de las organizaciones al Estado,Personas,12,3,2,0,7,0,1
845667695,2026-08-18,inmun_personas_vacunadas,3.8.1,Número de personas vacunadas a partir del apoyo de las organizaciones al Estado,Personas,12,3,2,4,3,0,1
845669079,2026-08-18,mp_consulta_nutricion,3.4.3,Número de gestantes que recibieron consultas de nutrición,Personas,16,15,0,1,0,0,1
845669079,2026-08-18,nut_consejeria_lactancia,3.7.1,Número de personas alcanzadas con consejería o educación en lactancia materna y alimentación complementaria,Personas,67,61,2,4,0,0,1
845669079,2026-08-18,nut_micronutrientes,3.7.2,Número de personas alcanzadas con suplementación de micronutrientes,Personas,111,22,43,46,0,0,1
845669079,2026-08-18,nut_manejo_desnutricion_aguda,3.7.4,Número de personas alcanzadas con manejo ambulatorio de la desnutrición aguda,Personas,4,0,0,2,2,0,1
845669079,2026-08-18,nut_consultas_nutricion,3.7.5,Número de personas alcanzadas con consultas de nutrición,Personas,63,16,0,24,23,0,1
845672207,2026-08-18,mp_ecografias,3.4.1,Número de ecografías realizadas a gestantes,Procedimientos,4,4,0,0,0,0,1
845672207,2026-08-18,nut_micronutrientes,3.7.2,Número de personas alcanzadas con suplementación de micronutrientes,Personas,26,4,0,11,11,0,1
845672207,2026-08-18,nut_consultas_nutricion,3.7.5,Número de personas alcanzadas con consultas de nutrición,Personas,26,4,0,11,11,0,1
845673146,2026-08-18,nut_consejeria_lactancia,3.7.1,Número de personas alcanzadas con consejería o educación en lactancia materna y alimentación complementaria,Personas,5,3,2,0,0,0,1
845673146,2026-08-18,nut_micronutrientes,3.7.2,Número de personas alcanzadas con suplementación de micronutrientes,Personas,14,0,0,8,6,0,1
845682022,2026-08-18,nut_consejeria_lactancia,3.7.1,Número de personas alcanzadas con consejería o educación en lactancia materna y alimentación complementaria,Personas,29,26,0,3,0,0,1
845682022,2026-08-18,nut_micronutrientes,3.7.2,Número de personas alcanzadas con suplementación de micronutrientes,Personas,28,25,0,3,0,0,1
845682022,2026-08-18,nut_consultas_nutricion,3.7.5,Número de personas alcanzadas con consultas de nutrición,Personas,68,25,0,23,20,0,1
846167685,2026-08-18,nut_manejo_desnutricion_aguda,3.7.4,Número de personas alcanzadas con manejo ambulatorio de la desnutrición aguda,Personas,4,0,0,3,1,0,1
846167685,2026-08-18,nut_consultas_nutricion,3.7.5,Número de personas alcanzadas con consultas de nutrición,Personas,63,13,0,24,26,0,1
846178297,2026-08-18,nut_manejo_desnutricion_aguda,3.7.4,Número de personas alcanzadas con manejo ambulatorio de la desnutrición aguda,Personas,2,0,0,0,2,0,1
846178297,2026-08-18,nut_consultas_nutricion,3.7.5,Número de personas alcanzadas con consultas de nutrición,Personas,8,0,0,4,4,0,1
846220258,2026-08-18,nut_micronutrientes,3.7.2,Número de personas alcanzadas con suplementación de micronutrientes,Personas,14,0,0,8,6,0,1
846220258,2026-08-18,nut_consultas_nutricion,3.7.5,Número de personas alcanzadas con consultas de nutrición,Personas,18,4,0,9,5,0,1
846525154,2026-08-18,mp_consulta_nutricion,3.4.3,Número de gestantes que recibieron consultas de nutrición,Personas,1,0,0,1,0,0,1
846525154,2026-08-18,nut_consejeria_lactancia,3.7.1,Número de personas alcanzadas con consejería o educación en lactancia materna y alimentación complementaria,Personas,5,3,1,1,0,0,1
846525154,2026-08-18,nut_micronutrientes,3.7.2,Número de personas alcanzadas con suplementación de micronutrientes,Personas,41,12,0,15,14,0,1
846525154,2026-08-18,nut_manejo_desnutricion_aguda,3.7.4,Número de personas alcanzadas con manejo ambulatorio de la desnutrición aguda,Personas,1,0,0,1,0,0,1
846525154,2026-08-18,nut_consultas_nutricion,3.7.5,Número de personas alcanzadas con consultas de nutrición,Personas,42,12,0,16,14,0,1
846525154,2026-08-18,inmun_personas_vacunadas,3.8.1,Número de personas vacunadas a partir del apoyo de las organizaciones al Estado,Personas,15,1,0,8,6,0,1
846525154,2026-08-18,3_11_2,3.11.2,Número de instituciones dotadas con insumos,Instituciones,1,0,0,0,0,0,0
846525154,2026-08-18,3_11_3,3.11.3,Número de instituciones que recibieron donaciones de medicamentos,Instituciones,1,0,0,0,0,0,0
846526659,2026-08-18,nut_micronutrientes,3.7.2,Número de personas alcanzadas con suplementación de micronutrientes,Personas,10,1,0,7,2,0,1
846526659,2026-08-18,nut_consultas_nutricion,3.7.5,Número de personas alcanzadas con consultas de nutrición,Personas,10,1,0,7,2,0,1
846529211,2026-08-18,mp_consulta_nutricion,3.4.3,Número de gestantes que recibieron consultas de nutrición,Personas,1,1,0,0,0,0,1
846529211,2026-08-18,nut_micronutrientes,3.7.2,Número de personas alcanzadas con suplementación de micronutrientes,Personas,15,4,0,1,10,0,1
846529211,2026-08-18,nut_consultas_nutricion,3.7.5,Número de personas alcanzadas con consultas de nutrición,Personas,23,4,0,9,10,0,1
846529211,2026-08-18,inmun_personas_vacunadas,3.8.1,Número de personas vacunadas a partir del apoyo de las organizaciones al Estado,Personas,22,14,2,5,1,0,1
846531165,2026-08-18,inmun_personas_vacunadas,3.8.1,Número de personas vacunadas a partir del apoyo de las organizaciones al Estado,Personas,2,0,0,2,0,0,1
846532537,2026-08-18,inmun_personas_vacunadas,3.8.1,Número de personas vacunadas a partir del apoyo de las organizaciones al Estado,Personas,5,0,2,1,2,0,1
846533669,2026-08-18,inmun_personas_vacunadas,3.8.1,Número de personas vacunadas a partir del apoyo de las organizaciones al Estado,Personas,15,7,3,3,2,0,1
846534748,2026-08-18,inmun_personas_vacunadas,3.8.1,Número de personas vacunadas a partir del apoyo de las organizaciones al Estado,Personas,20,1,0,10,9,0,1
846535477,2026-08-18,inmun_personas_vacunadas,3.8.1,Número de personas vacunadas a partir del apoyo de las organizaciones al Estado,Personas,8,3,2,3,0,0,1
846536193,2026-08-18,inmun_personas_vacunadas,3.8.1,Número de personas vacunadas a partir del apoyo de las organizaciones al Estado,Personas,22,6,3,7,6,0,1
846536970,2026-08-18,inmun_personas_vacunadas,3.8.1,Número de personas vacunadas a partir del apoyo de las organizaciones al Estado,Personas,10,1,2,4,3,0,1
846537671,2026-08-18,inmun_personas_vacunadas,3.8.1,Número de personas vacunadas a partir del apoyo de las organizaciones al Estado,Personas,15,5,10,0,0,0,1
846538886,2026-08-18,nut_consejeria_lactancia,3.7.1,Número de personas alcanzadas con consejería o educación en lactancia materna y alimentación complementaria,Personas,71,67,0,4,0,0,1
846538886,2026-08-18,inmun_personas_vacunadas,3.8.1,Número de personas vacunadas a partir del apoyo de las organizaciones al Estado,Personas,18,7,3,1,7,0,1
846538886,2026-08-18,3_11_2,3.11.2,Número de instituciones dotadas con insumos,Instituciones,1,0,0,0,0,0,0
846538886,2026-08-18,3_11_3,3.11.3,Número de instituciones que recibieron donaciones de medicamentos,Instituciones,1,0,0,0,0,0,0
846541994,2026-08-18,nut_consejeria_lactancia,3.7.1,Número de personas alcanzadas con consejería o educación en lactancia materna y alimentación complementaria,Personas,2,2,0,0,0,0,1
846541994,2026-08-18,nut_micronutrientes,3.7.2,Número de personas alcanzadas con suplementación de micronutrientes,Personas,29,6,0,10,13,0,1
846541994,2026-08-18,nut_consultas_nutricion,3.7.5,Número de personas alcanzadas con consultas de nutrición,Personas,27,0,0,11,16,0,1
846546511,2026-08-18,smaps_pap,3.1.2,Número de personas alcanzadas con primeros auxilios psicológicos,Personas,20,2,1,13,4,0,1
846547679,2026-08-18,mp_consulta_nutricion,3.4.3,Número de gestantes que recibieron consultas de nutrición,Personas,2,2,0,0,0,0,1
846547679,2026-08-18,nut_consejeria_lactancia,3.7.1,Número de personas alcanzadas con consejería o educación en lactancia materna y alimentación complementaria,Personas,10,10,0,0,0,0,1
846547679,2026-08-18,nut_micronutrientes,3.7.2,Número de personas alcanzadas con suplementación de micronutrientes,Personas,29,6,0,10,13,0,1
846547679,2026-08-18,nut_consultas_nutricion,3.7.5,Número de personas alcanzadas con consultas de nutrición,Personas,64,6,0,23,35,0,1
846548517,2026-08-18,nut_micronutrientes,3.7.2,Número de personas alcanzadas con suplementación de micronutrientes,Personas,8,0,0,5,3,0,1
846548517,2026-08-18,nut_manejo_desnutricion_aguda,3.7.4,Número de personas alcanzadas con manejo ambulatorio de la desnutrición aguda,Personas,8,0,0,5,3,0,1
846550460,2026-08-18,mp_consulta_nutricion,3.4.3,Número de gestantes que recibieron consultas de nutrición,Personas,1,1,0,0,0,0,1
846550460,2026-08-18,nut_consejeria_lactancia,3.7.1,Número de personas alcanzadas con consejería o educación en lactancia materna y alimentación complementaria,Personas,3,3,0,0,0,0,1
846550460,2026-08-18,nut_micronutrientes,3.7.2,Número de personas alcanzadas con suplementación de micronutrientes,Personas,22,2,0,12,8,0,1
846550460,2026-08-18,nut_consultas_nutricion,3.7.5,Número de personas alcanzadas con consultas de nutrición,Personas,22,2,9,11,0,0,1
846551446,2026-08-18,nut_consejeria_lactancia,3.7.1,Número de personas alcanzadas con consejería o educación en lactancia materna y alimentación complementaria,Personas,2,2,0,0,0,0,1
846551446,2026-08-18,nut_micronutrientes,3.7.2,Número de personas alcanzadas con suplementación de micronutrientes,Personas,1,1,0,0,0,0,1
846551446,2026-08-18,nut_manejo_desnutricion_aguda,3.7.4,Número de personas alcanzadas con manejo ambulatorio de la desnutrición aguda,Personas,1,0,0,1,0,0,1
846551446,2026-08-18,nut_consultas_nutricion,3.7.5,Número de personas alcanzadas con consultas de nutrición,Personas,50,1,0,25,24,0,1
846555026,2026-08-18,nut_consultas_nutricion,3.7.5,Número de personas alcanzadas con consultas de nutrición,Personas,37,0,0,17,20,0,1
846555740,2026-08-18,nut_consejeria_lactancia,3.7.1,Número de personas alcanzadas con consejería o educación en lactancia materna y alimentación complementaria,Personas,1,1,0,0,0,0,1
846556457,2026-08-18,inmun_personas_vacunadas,3.8.1,Número de personas vacunadas a partir del apoyo de las organizaciones al Estado,Personas,3,0,0,2,1,0,1
846557952,2026-08-18,smaps_pap,3.1.2,Número de personas alcanzadas con primeros auxilios psicológicos,Personas,35,17,7,8,3,0,1
846557952,2026-08-18,mp_consulta_odontologica,3.4.4,Número de gestantes que recibieron consultas de odontología,Personas,4,2,0,2,0,0,1
846557952,2026-08-18,nut_consejeria_lactancia,3.7.1,Número de personas alcanzadas con consejería o educación en lactancia materna y alimentación complementaria,Personas,28,28,0,0,0,0,1
846557952,2026-08-18,nut_micronutrientes,3.7.2,Número de personas alcanzadas con suplementación de micronutrientes,Personas,17,2,0,11,4,0,1
846557952,2026-08-18,inmun_personas_vacunadas,3.8.1,Número de personas vacunadas a partir del apoyo de las organizaciones al Estado,Personas,4,0,0,1,3,0,1
846557952,2026-08-18,3_11_2,3.11.2,Número de instituciones dotadas con insumos,Instituciones,1,0,0,0,0,0,0
846559998,2026-08-18,nut_consultas_nutricion,3.7.5,Número de personas alcanzadas con consultas de nutrición,Personas,16,2,0,8,6,0,1
846560683,2026-08-18,inmun_personas_vacunadas,3.8.1,Número de personas vacunadas a partir del apoyo de las organizaciones al Estado,Personas,20,8,5,5,2,0,1
846563671,2026-08-18,vih_diagnostico,3.3.7,"Número de personas con VIH/ITS que recibieron diagnóstico, incluidas pruebas rápidas",Personas,114,38,0,76,0,0,1
846563671,2026-08-18,mp_consulta_nutricion,3.4.3,Número de gestantes que recibieron consultas de nutrición,Personas,21,15,0,6,0,0,1
846563671,2026-08-18,nut_consejeria_lactancia,3.7.1,Número de personas alcanzadas con consejería o educación en lactancia materna y alimentación complementaria,Personas,118,102,4,12,0,0,1
846563671,2026-08-18,nut_micronutrientes,3.7.2,Número de personas alcanzadas con suplementación de micronutrientes,Personas,258,32,0,120,106,0,1
846563671,2026-08-18,nut_manejo_desnutricion_aguda,3.7.4,Número de personas alcanzadas con manejo ambulatorio de la desnutrición aguda,Personas,18,0,0,9,9,0,1
846563671,2026-08-18,nut_consultas_nutricion,3.7.5,Número de personas alcanzadas con consultas de nutrición,Personas,276,32,0,129,115,0,1
846564063,2026-08-18,3_11_2,3.11.2,Número de instituciones dotadas con insumos,Instituciones,1,0,0,0,0,0,0
846566941,2026-08-18,inmun_personas_vacunadas,3.8.1,Número de personas vacunadas a partir del apoyo de las organizaciones al Estado,Personas,22,10,8,2,2,0,1
846568391,2026-08-18,nut_consejeria_lactancia,3.7.1,Número de personas alcanzadas con consejería o educación en lactancia materna y alimentación complementaria,Personas,14,13,1,0,0,0,1
846568391,2026-08-18,nut_micronutrientes,3.7.2,Número de personas alcanzadas con suplementación de micronutrientes,Personas,15,0,0,6,9,0,1
846568391,2026-08-18,nut_suplementacion,3.7.3,Número de personas alcanzadas con suplementación nutricional,Personas,137,0,0,61,76,0,1
846570784,2026-08-18,mp_consulta_nutricion,3.4.3,Número de gestantes que recibieron consultas de nutrición,Personas,1,1,0,0,0,0,1
846570784,2026-08-18,nut_micronutrientes,3.7.2,Número de personas alcanzadas con suplementación de micronutrientes,Personas,3,0,0,1,2,0,1
846570784,2026-08-18,nut_consultas_nutricion,3.7.5,Número de personas alcanzadas con consultas de nutrición,Personas,4,1,0,1,2,0,1
846571477,2026-08-18,mp_consulta_nutricion,3.4.3,Número de gestantes que recibieron consultas de nutrición,Personas,4,4,0,0,0,0,1
846571477,2026-08-18,nut_micronutrientes,3.7.2,Número de personas alcanzadas con suplementación de micronutrientes,Personas,11,5,0,3,3,0,1
846571477,2026-08-18,nut_consultas_nutricion,3.7.5,Número de personas alcanzadas con consultas de nutrición,Personas,11,5,3,3,0,0,1
846576666,2026-08-18,mp_consulta_nutricion,3.4.3,Número de gestantes que recibieron consultas de nutrición,Personas,1,1,0,0,0,0,1
846576666,2026-08-18,nut_consejeria_lactancia,3.7.1,Número de personas alcanzadas con consejería o educación en lactancia materna y alimentación complementaria,Personas,14,14,0,0,0,0,1
846576666,2026-08-18,nut_micronutrientes,3.7.2,Número de personas alcanzadas con suplementación de micronutrientes,Personas,21,7,0,5,9,0,1
846576666,2026-08-18,nut_consultas_nutricion,3.7.5,Número de personas alcanzadas con consultas de nutrición,Personas,22,7,0,6,9,0,1
847211732,2026-08-18,mp_consulta_nutricion,3.4.3,Número de gestantes que recibieron consultas de nutrición,Personas,3,3,0,0,0,0,1
847211732,2026-08-18,nut_micronutrientes,3.7.2,Número de personas alcanzadas con suplementación de micronutrientes,Personas,10,3,0,0,7,0,1
847211732,2026-08-18,nut_consultas_nutricion,3.7.5,Número de personas alcanzadas con consultas de nutrición,Personas,15,3,0,5,7,0,1
847213548,2026-08-18,nut_consejeria_lactancia,3.7.1,Número de personas alcanzadas con consejería o educación en lactancia materna y alimentación complementaria,Personas,1,1,0,0,0,0,1
847213548,2026-08-18,nut_micronutrientes,3.7.2,Número de personas alcanzadas con suplementación de micronutrientes,Personas,20,0,0,12,8,0,1
847213548,2026-08-18,nut_consultas_nutricion,3.7.5,Número de personas alcanzadas con consultas de nutrición,Personas,20,0,0,12,8,0,1
847214306,2026-08-18,inst_profesionales_apoyados,3.11.1,Número de profesionales de salud apoyados,Profesionales,32,15,17,0,0,0,1
847214306,2026-08-18,3_11_2,3.11.2,Número de instituciones dotadas con insumos,Instituciones,1,0,0,0,0,0,0
847230594,2026-08-18,nut_consultas_nutricion,3.7.5,Número de personas alcanzadas con consultas de nutrición,Personas,112,0,0,60,52,0,1
847231019,2026-08-18,nut_consejeria_lactancia,3.7.1,Número de personas alcanzadas con consejería o educación en lactancia materna y alimentación complementaria,Personas,11,11,0,0,0,0,1
847231019,2026-08-18,nut_micronutrientes,3.7.2,Número de personas alcanzadas con suplementación de micronutrientes,Personas,4,4,0,0,0,0,1
847231019,2026-08-18,nut_manejo_desnutricion_aguda,3.7.4,Número de personas alcanzadas con manejo ambulatorio de la desnutrición aguda,Personas,1,0,0,1,0,0,1
847231019,2026-08-18,nut_consultas_nutricion,3.7.5,Número de personas alcanzadas con consultas de nutrición,Personas,61,4,0,27,30,0,1
847231690,2026-08-18,mp_consulta_nutricion,3.4.3,Número de gestantes que recibieron consultas de nutrición,Personas,1,1,0,0,0,0,1
847231690,2026-08-18,nut_consejeria_lactancia,3.7.1,Número de personas alcanzadas con consejería o educación en lactancia materna y alimentación complementaria,Personas,3,2,0,0,1,0,1
847231690,2026-08-18,nut_consultas_nutricion,3.7.5,Número de personas alcanzadas con consultas de nutrición,Personas,6,2,0,3,1,0,1
847231690,2026-08-18,inmun_personas_vacunadas,3.8.1,Número de personas vacunadas a partir del apoyo de las organizaciones al Estado,Personas,26,5,0,11,10,0,1
847232387,2026-08-18,mp_consulta_nutricion,3.4.3,Número de gestantes que recibieron consultas de nutrición,Personas,1,1,0,0,0,0,1
847232387,2026-08-18,nut_micronutrientes,3.7.2,Número de personas alcanzadas con suplementación de micronutrientes,Personas,118,1,0,58,59,0,1
847232387,2026-08-18,nut_consultas_nutricion,3.7.5,Número de personas alcanzadas con consultas de nutrición,Personas,119,2,0,58,59,0,1
847232920,2026-08-18,nut_consejeria_lactancia,3.7.1,Número de personas alcanzadas con consejería o educación en lactancia materna y alimentación complementaria,Personas,4,4,0,0,0,0,1
847232920,2026-08-18,nut_consultas_nutricion,3.7.5,Número de personas alcanzadas con consultas de nutrición,Personas,43,0,0,16,27,0,1
847233259,2026-08-18,inmun_personas_vacunadas,3.8.1,Número de personas vacunadas a partir del apoyo de las organizaciones al Estado,Personas,4,0,2,0,2,0,1
847234316,2026-08-18,inmun_personas_vacunadas,3.8.1,Número de personas vacunadas a partir del apoyo de las organizaciones al Estado,Personas,3694,886,1259,748,801,0,1
847234316,2026-08-18,3_8_2,3.8.2,Número de instituciones apoyadas en inmunización,Instituciones,1,0,0,0,0,0,0
847234316,2026-08-18,inmun_talento_humano,3.8.3,Número de personas del talento humano apoyadas en inmunización,Profesionales,224,187,37,0,0,0,1
847234316,2026-08-18,inst_profesionales_apoyados,3.11.1,Número de profesionales de salud apoyados,Profesionales,75,50,25,0,0,0,1
847234316,2026-08-18,3_11_2,3.11.2,Número de instituciones dotadas con insumos,Instituciones,1,0,0,0,0,0,0
847234316,2026-08-18,3_11_3,3.11.3,Número de instituciones que recibieron donaciones de medicamentos,Instituciones,1,0,0,0,0,0,0
847234838,2026-08-18,inmun_personas_vacunadas,3.8.1,Número de personas vacunadas a partir del apoyo de las organizaciones al Estado,Personas,8,0,0,3,5,0,1
847235249,2026-08-18,3_11_2,3.11.2,Número de instituciones dotadas con insumos,Instituciones,1,0,0,0,0,0,0
847235249,2026-08-18,3_11_3,3.11.3,Número de instituciones que recibieron donaciones de medicamentos,Instituciones,1,0,0,0,0,0,0
847235487,2026-08-18,3_11_2,3.11.2,Número de instituciones dotadas con insumos,Instituciones,1,0,0,0,0,0,0
847235487,2026-08-18,3_11_3,3.11.3,Número de instituciones que recibieron donaciones de medicamentos,Instituciones,1,0,0,0,0,0,0
847236203,2026-08-18,nut_consejeria_lactancia,3.7.1,Número de personas alcanzadas con consejería o educación en lactancia materna y alimentación complementaria,Personas,7,6,1,0,0,0,1
847236203,2026-08-18,nut_consultas_nutricion,3.7.5,Número de personas alcanzadas con consultas de nutrición,Personas,20,0,0,12,8,0,1
847237106,2026-08-18,mp_consulta_odontologica,3.4.4,Número de gestantes que recibieron consultas de odontología,Personas,38,36,0,2,0,0,1
847237106,2026-08-18,nut_consejeria_lactancia,3.7.1,Número de personas alcanzadas con consejería o educación en lactancia materna y alimentación complementaria,Personas,56,51,0,5,0,0,1
847237106,2026-08-18,nut_micronutrientes,3.7.2,Número de personas alcanzadas con suplementación de micronutrientes,Personas,144,51,0,48,45,0,1
847237106,2026-08-18,nut_consultas_nutricion,3.7.5,Número de personas alcanzadas con consultas de nutrición,Personas,144,51,0,48,45,0,1
847237762,2026-08-18,mp_consulta_nutricion,3.4.3,Número de gestantes que recibieron consultas de nutrición,Personas,43,40,0,3,0,0,1
847237762,2026-08-18,nut_consejeria_lactancia,3.7.1,Número de personas alcanzadas con consejería o educación en lactancia materna y alimentación complementaria,Personas,53,48,0,5,0,0,1
847237762,2026-08-18,nut_micronutrientes,3.7.2,Número de personas alcanzadas con suplementación de micronutrientes,Personas,52,44,0,7,1,0,1
847237762,2026-08-18,nut_consultas_nutricion,3.7.5,Número de personas alcanzadas con consultas de nutrición,Personas,54,44,0,7,3,0,1
847237986,2026-08-18,nut_consejeria_lactancia,3.7.1,Número de personas alcanzadas con consejería o educación en lactancia materna y alimentación complementaria,Personas,8,8,0,0,0,0,1
847238328,2026-08-18,inmun_personas_vacunadas,3.8.1,Número de personas vacunadas a partir del apoyo de las organizaciones al Estado,Personas,5,0,0,2,3,0,1
847238670,2026-08-18,3_11_2,3.11.2,Número de instituciones dotadas con insumos,Instituciones,1,0,0,0,0,0,0
847238670,2026-08-18,3_11_3,3.11.3,Número de instituciones que recibieron donaciones de medicamentos,Instituciones,1,0,0,0,0,0,0
847239424,2026-08-18,mp_consulta_nutricion,3.4.3,Número de gestantes que recibieron consultas de nutrición,Personas,3,1,0,2,0,0,1
847239424,2026-08-18,nut_consejeria_lactancia,3.7.1,Número de personas alcanzadas con consejería o educación en lactancia materna y alimentación complementaria,Personas,10,8,0,2,0,0,1
847239424,2026-08-18,nut_micronutrientes,3.7.2,Número de personas alcanzadas con suplementación de micronutrientes,Personas,7,5,0,2,0,0,1
847239424,2026-08-18,nut_consultas_nutricion,3.7.5,Número de personas alcanzadas con consultas de nutrición,Personas,13,5,0,5,3,0,1
847240071,2026-08-18,mp_consulta_odontologica,3.4.4,Número de gestantes que recibieron consultas de odontología,Personas,1,1,0,0,0,0,1
847240071,2026-08-18,nut_micronutrientes,3.7.2,Número de personas alcanzadas con suplementación de micronutrientes,Personas,10,1,0,7,2,0,1
847240071,2026-08-18,nut_consultas_nutricion,3.7.5,Número de personas alcanzadas con consultas de nutrición,Personas,8,1,0,3,4,0,1
847240381,2026-08-18,inmun_personas_vacunadas,3.8.1,Número de personas vacunadas a partir del apoyo de las organizaciones al Estado,Personas,7,0,0,3,4,0,1
847240951,2026-08-18,nut_consultas_nutricion,3.7.5,Número de personas alcanzadas con consultas de nutrición,Personas,14,0,0,10,4,0,1
847240951,2026-08-18,inmun_personas_vacunadas,3.8.1,Número de personas vacunadas a partir del apoyo de las organizaciones al Estado,Personas,2,1,0,1,0,0,1
847241282,2026-08-18,inmun_personas_vacunadas,3.8.1,Número de personas vacunadas a partir del apoyo de las organizaciones al Estado,Personas,12,6,0,1,5,0,1
847241646,2026-08-18,inmun_personas_vacunadas,3.8.1,Número de personas vacunadas a partir del apoyo de las organizaciones al Estado,Personas,5,1,0,2,2,0,1
847241933,2026-08-18,inmun_personas_vacunadas,3.8.1,Número de personas vacunadas a partir del apoyo de las organizaciones al Estado,Personas,31,21,10,0,0,0,1
847242286,2026-08-18,mp_consulta_nutricion,3.4.3,Número de gestantes que recibieron consultas de nutrición,Personas,1,1,0,0,0,0,1
847242286,2026-08-18,nut_consejeria_lactancia,3.7.1,Número de personas alcanzadas con consejería o educación en lactancia materna y alimentación complementaria,Personas,2,2,0,0,0,0,1
847242286,2026-08-18,nut_micronutrientes,3.7.2,Número de personas alcanzadas con suplementación de micronutrientes,Personas,1,1,0,0,0,0,1
847242286,2026-08-18,nut_consultas_nutricion,3.7.5,Número de personas alcanzadas con consultas de nutrición,Personas,11,1,0,1,9,0,1
847242542,2026-08-18,mp_consulta_nutricion,3.4.3,Número de gestantes que recibieron consultas de nutrición,Personas,1,1,0,0,0,0,1
847242542,2026-08-18,nut_micronutrientes,3.7.2,Número de personas alcanzadas con suplementación de micronutrientes,Personas,8,1,0,1,6,0,1
847242542,2026-08-18,nut_consultas_nutricion,3.7.5,Número de personas alcanzadas con consultas de nutrición,Personas,8,1,0,1,6,0,1
847242956,2026-08-18,nut_consultas_nutricion,3.7.5,Número de personas alcanzadas con consultas de nutrición,Personas,29,0,0,17,12,0,1
847243507,2026-08-18,nut_consejeria_lactancia,3.7.1,Número de personas alcanzadas con consejería o educación en lactancia materna y alimentación complementaria,Personas,3,3,0,0,0,0,1
847243507,2026-08-18,nut_consultas_nutricion,3.7.5,Número de personas alcanzadas con consultas de nutrición,Personas,56,0,0,33,23,0,1
847243852,2026-08-18,mp_consulta_nutricion,3.4.3,Número de gestantes que recibieron consultas de nutrición,Personas,20,19,0,1,0,0,1
847243852,2026-08-18,nut_micronutrientes,3.7.2,Número de personas alcanzadas con suplementación de micronutrientes,Personas,28,27,0,1,0,0,1
847243852,2026-08-18,nut_consultas_nutricion,3.7.5,Número de personas alcanzadas con consultas de nutrición,Personas,75,27,0,25,23,0,1
847244306,2026-08-18,3_11_2,3.11.2,Número de instituciones dotadas con insumos,Instituciones,1,0,0,0,0,0,0
847244306,2026-08-18,3_11_3,3.11.3,Número de instituciones que recibieron donaciones de medicamentos,Instituciones,1,0,0,0,0,0,0
847244699,2026-08-18,3_11_2,3.11.2,Número de instituciones dotadas con insumos,Instituciones,1,0,0,0,0,0,0
847244699,2026-08-18,3_11_3,3.11.3,Número de instituciones que recibieron donaciones de medicamentos,Instituciones,1,0,0,0,0,0,0
847245468,2026-08-18,nut_consejeria_lactancia,3.7.1,Número de personas alcanzadas con consejería o educación en lactancia materna y alimentación complementaria,Personas,13,13,0,0,0,0,1
847245468,2026-08-18,inmun_personas_vacunadas,3.8.1,Número de personas vacunadas a partir del apoyo de las organizaciones al Estado,Personas,51,24,14,7,6,0,1
847245951,2026-08-18,nut_consejeria_lactancia,3.7.1,Número de personas alcanzadas con consejería o educación en lactancia materna y alimentación complementaria,Personas,14,14,0,0,0,0,1
847245951,2026-08-18,nut_micronutrientes,3.7.2,Número de personas alcanzadas con suplementación de micronutrientes,Personas,23,8,0,6,9,0,1
847246188,2026-08-18,nut_micronutrientes,3.7.2,Número de personas alcanzadas con suplementación de micronutrientes,Personas,42,0,0,14,28,0,1
847246188,2026-08-18,nut_consultas_nutricion,3.7.5,Número de personas alcanzadas con consultas de nutrición,Personas,40,0,0,14,26,0,1
847246486,2026-08-18,mp_consulta_nutricion,3.4.3,Número de gestantes que recibieron consultas de nutrición,Personas,1,1,0,0,0,0,1
847246486,2026-08-18,nut_consultas_nutricion,3.7.5,Número de personas alcanzadas con consultas de nutrición,Personas,22,8,0,8,6,0,1
847246987,2026-08-18,3_11_2,3.11.2,Número de instituciones dotadas con insumos,Instituciones,1,0,0,0,0,0,0
847248274,2026-08-18,smaps_pap,3.1.2,Número de personas alcanzadas con primeros auxilios psicológicos,Personas,13,1,12,0,0,0,1
847248274,2026-08-18,nut_consejeria_lactancia,3.7.1,Número de personas alcanzadas con consejería o educación en lactancia materna y alimentación complementaria,Personas,15,13,0,2,0,0,1
847248823,2026-08-18,mp_consulta_nutricion,3.4.3,Número de gestantes que recibieron consultas de nutrición,Personas,6,6,0,0,0,0,1
847248823,2026-08-18,nut_consejeria_lactancia,3.7.1,Número de personas alcanzadas con consejería o educación en lactancia materna y alimentación complementaria,Personas,30,28,1,1,0,0,1
847248823,2026-08-18,nut_micronutrientes,3.7.2,Número de personas alcanzadas con suplementación de micronutrientes,Personas,20,19,0,1,0,0,1
847248823,2026-08-18,nut_consultas_nutricion,3.7.5,Número de personas alcanzadas con consultas de nutrición,Personas,64,19,0,18,27,0,1
847249176,2026-08-18,nut_consejeria_lactancia,3.7.1,Número de personas alcanzadas con consejería o educación en lactancia materna y alimentación complementaria,Personas,4,4,0,0,0,0,1
847249176,2026-08-18,nut_micronutrientes,3.7.2,Número de personas alcanzadas con suplementación de micronutrientes,Personas,11,0,0,9,2,0,1
847249176,2026-08-18,nut_consultas_nutricion,3.7.5,Número de personas alcanzadas con consultas de nutrición,Personas,15,0,0,6,9,0,1
847249594,2026-08-18,mp_consulta_nutricion,3.4.3,Número de gestantes que recibieron consultas de nutrición,Personas,1,1,0,0,0,0,1
847249594,2026-08-18,nut_consejeria_lactancia,3.7.1,Número de personas alcanzadas con consejería o educación en lactancia materna y alimentación complementaria,Personas,3,3,0,0,0,0,1
847249594,2026-08-18,nut_micronutrientes,3.7.2,Número de personas alcanzadas con suplementación de micronutrientes,Personas,2,2,0,0,0,0,1
847249594,2026-08-18,nut_consultas_nutricion,3.7.5,Número de personas alcanzadas con consultas de nutrición,Personas,62,2,0,28,32,0,1
847249901,2026-08-18,nut_consultas_nutricion,3.7.5,Número de personas alcanzadas con consultas de nutrición,Personas,44,0,0,23,21,0,1
847250487,2026-08-18,mp_consulta_nutricion,3.4.3,Número de gestantes que recibieron consultas de nutrición,Personas,1,1,0,0,0,0,1
847250487,2026-08-18,nut_consejeria_lactancia,3.7.1,Número de personas alcanzadas con consejería o educación en lactancia materna y alimentación complementaria,Personas,45,40,0,5,0,0,1
847250487,2026-08-18,nut_micronutrientes,3.7.2,Número de personas alcanzadas con suplementación de micronutrientes,Personas,30,25,0,5,0,0,1
847250487,2026-08-18,nut_consultas_nutricion,3.7.5,Número de personas alcanzadas con consultas de nutrición,Personas,129,25,0,51,53,0,1
845375630,2026-08-19,nt_diagnostico,3.2.1,Número de personas con enfermedades no transmisibles que recibieron diagnóstico,Personas,60,40,17,2,1,0,1
845375630,2026-08-19,nt_tratamiento,3.2.2,Número de personas con enfermedades no transmisibles que recibieron tratamiento,Personas,60,40,17,2,1,0,1
845375630,2026-08-19,nt_medicamentos,3.2.3,Número de personas con enfermedades no transmisibles que recibieron medicamentos,Personas,60,40,17,2,1,0,1
845375630,2026-08-19,trans_diagnostico,3.3.1,Número de personas con enfermedades transmisibles que recibieron diagnóstico,Personas,27,9,12,3,3,0,1
845375630,2026-08-19,trans_tratamiento,3.3.2,Número de personas con enfermedades transmisibles que recibieron tratamiento,Personas,27,9,12,3,3,0,1
845375630,2026-08-19,trans_medicamentos,3.3.3,Número de personas con enfermedades transmisibles que recibieron medicamentos,Personas,27,9,12,3,3,0,1
845375630,2026-08-19,mp_atencion_no_prenatal,3.4.5,Número de gestantes que recibieron atención médica diferente al control prenatal,Personas,2,1,0,1,0,0,1
845375630,2026-08-19,trauma_atendidas,3.9.1,Número de personas atendidas por lesiones y trauma,Personas,3,2,0,0,1,0,1
845383027,2026-08-19,nt_diagnostico,3.2.1,Número de personas con enfermedades no transmisibles que recibieron diagnóstico,Personas,79,50,23,6,0,0,1
845383027,2026-08-19,nt_tratamiento,3.2.2,Número de personas con enfermedades no transmisibles que recibieron tratamiento,Personas,79,50,23,6,0,0,1
845383027,2026-08-19,nt_medicamentos,3.2.3,Número de personas con enfermedades no transmisibles que recibieron medicamentos,Personas,79,50,23,6,0,0,1
845383027,2026-08-19,trans_diagnostico,3.3.1,Número de personas con enfermedades transmisibles que recibieron diagnóstico,Personas,28,14,6,4,4,0,1
845383027,2026-08-19,trans_tratamiento,3.3.2,Número de personas con enfermedades transmisibles que recibieron tratamiento,Personas,28,14,6,4,4,0,1
845383027,2026-08-19,trans_medicamentos,3.3.3,Número de personas con enfermedades transmisibles que recibieron medicamentos,Personas,28,14,6,4,4,0,1
845383027,2026-08-19,trauma_atendidas,3.9.1,Número de personas atendidas por lesiones y trauma,Personas,2,2,0,0,0,0,1
845392437,2026-08-19,smaps_pap,3.1.2,Número de personas alcanzadas con primeros auxilios psicológicos,Personas,1,1,0,0,0,0,1
845392437,2026-08-19,nt_diagnostico,3.2.1,Número de personas con enfermedades no transmisibles que recibieron diagnóstico,Personas,91,59,14,14,4,0,1
845392437,2026-08-19,nt_tratamiento,3.2.2,Número de personas con enfermedades no transmisibles que recibieron tratamiento,Personas,91,59,14,14,4,0,1
845392437,2026-08-19,nt_medicamentos,3.2.3,Número de personas con enfermedades no transmisibles que recibieron medicamentos,Personas,91,59,14,14,4,0,1
845392437,2026-08-19,trans_diagnostico,3.3.1,Número de personas con enfermedades transmisibles que recibieron diagnóstico,Personas,38,14,5,10,9,0,1
845392437,2026-08-19,trans_tratamiento,3.3.2,Número de personas con enfermedades transmisibles que recibieron tratamiento,Personas,38,14,5,10,9,0,1
845392437,2026-08-19,trans_medicamentos,3.3.3,Número de personas con enfermedades transmisibles que recibieron medicamentos,Personas,38,14,5,10,9,0,1
845392437,2026-08-19,mp_ecografias,3.4.1,Número de ecografías realizadas a gestantes,Procedimientos,5,3,0,2,0,0,1
845392437,2026-08-19,mp_atencion_no_prenatal,3.4.5,Número de gestantes que recibieron atención médica diferente al control prenatal,Personas,1,1,0,0,0,0,1
846159975,2026-08-19,ssr_anticoncepcion_emergencia,3.5.1,Número de personas que recibieron anticonceptivos de emergencia,Personas,39,30,0,9,0,0,1
846159975,2026-08-19,ssr_metodos_quirurgicos,3.5.2,Número de personas que recibieron procedimientos de métodos quirúrgicos,Procedimientos,32,24,0,8,0,0,1
846159975,2026-08-19,ssr_metodos_larga_corta_duracion,3.5.3,Número de personas que recibieron métodos anticonceptivos de larga y corta duración,Personas,39,30,0,9,0,0,1
846159975,2026-08-19,ssr_metodos_temporales,3.5.4,Número de personas que recibieron métodos temporales de corta duración,Personas,7,6,0,1,0,0,1
846159992,2026-08-20,ssr_anticoncepcion_emergencia,3.5.1,Número de personas que recibieron anticonceptivos de emergencia,Personas,81,70,0,11,0,0,1
846159992,2026-08-20,ssr_metodos_quirurgicos,3.5.2,Número de personas que recibieron procedimientos de métodos quirúrgicos,Procedimientos,66,57,0,9,0,0,1
846159992,2026-08-20,ssr_metodos_larga_corta_duracion,3.5.3,Número de personas que recibieron métodos anticonceptivos de larga y corta duración,Personas,81,70,0,11,0,0,1
846159992,2026-08-20,ssr_metodos_temporales,3.5.4,Número de personas que recibieron métodos temporales de corta duración,Personas,15,13,0,2,0,0,1
846317452,2026-08-20,nt_diagnostico,3.2.1,Número de personas con enfermedades no transmisibles que recibieron diagnóstico,Personas,50,29,16,4,1,0,1
846317452,2026-08-20,nt_tratamiento,3.2.2,Número de personas con enfermedades no transmisibles que recibieron tratamiento,Personas,50,29,16,4,1,0,1
846317452,2026-08-20,nt_medicamentos,3.2.3,Número de personas con enfermedades no transmisibles que recibieron medicamentos,Personas,50,29,16,4,1,0,1
846317452,2026-08-20,trans_diagnostico,3.3.1,Número de personas con enfermedades transmisibles que recibieron diagnóstico,Personas,11,8,3,0,0,0,1
846317452,2026-08-20,trans_tratamiento,3.3.2,Número de personas con enfermedades transmisibles que recibieron tratamiento,Personas,11,8,3,0,0,0,1
846317452,2026-08-20,trans_medicamentos,3.3.3,Número de personas con enfermedades transmisibles que recibieron medicamentos,Personas,11,8,3,0,0,0,1
846317452,2026-08-20,trauma_atendidas,3.9.1,Número de personas atendidas por lesiones y trauma,Personas,4,2,2,0,0,0,1
846321630,2026-08-20,nt_diagnostico,3.2.1,Número de personas con enfermedades no transmisibles que recibieron diagnóstico,Personas,22,13,8,1,0,0,1
846321630,2026-08-20,nt_tratamiento,3.2.2,Número de personas con enfermedades no transmisibles que recibieron tratamiento,Personas,22,13,8,1,0,0,1
846321630,2026-08-20,nt_medicamentos,3.2.3,Número de personas con enfermedades no transmisibles que recibieron medicamentos,Personas,22,13,8,1,0,0,1
846321630,2026-08-20,trans_diagnostico,3.3.1,Número de personas con enfermedades transmisibles que recibieron diagnóstico,Personas,18,9,9,0,0,0,1
846321630,2026-08-20,trans_tratamiento,3.3.2,Número de personas con enfermedades transmisibles que recibieron tratamiento,Personas,18,9,9,0,0,0,1
846321630,2026-08-20,trans_medicamentos,3.3.3,Número de personas con enfermedades transmisibles que recibieron medicamentos,Personas,18,9,9,0,0,0,1
846321630,2026-08-20,trauma_atendidas,3.9.1,Número de personas atendidas por lesiones y trauma,Personas,1,0,1,0,0,0,1
846326992,2026-08-20,nt_diagnostico,3.2.1,Número de personas con enfermedades no transmisibles que recibieron diagnóstico,Personas,85,54,30,1,0,0,1
846326992,2026-08-20,nt_tratamiento,3.2.2,Número de personas con enfermedades no transmisibles que recibieron tratamiento,Personas,85,54,30,1,0,0,1
846326992,2026-08-20,nt_medicamentos,3.2.3,Número de personas con enfermedades no transmisibles que recibieron medicamentos,Personas,85,54,30,1,0,0,1
846326992,2026-08-20,nt_derivados,3.2.6,Número de casos derivados,Casos,1,0,1,0,0,0,1
846326992,2026-08-20,trans_diagnostico,3.3.1,Número de personas con enfermedades transmisibles que recibieron diagnóstico,Personas,15,6,3,0,6,0,1
846326992,2026-08-20,trans_tratamiento,3.3.2,Número de personas con enfermedades transmisibles que recibieron tratamiento,Personas,15,6,3,0,6,0,1
846326992,2026-08-20,trans_medicamentos,3.3.3,Número de personas con enfermedades transmisibles que recibieron medicamentos,Personas,15,6,3,0,6,0,1
846326992,2026-08-20,trauma_atendidas,3.9.1,Número de personas atendidas por lesiones y trauma,Personas,2,2,0,0,0,0,1
846613448,2026-08-21,ssr_anticoncepcion_emergencia,3.5.1,Número de personas que recibieron anticonceptivos de emergencia,Personas,45,38,0,7,0,0,1
846613448,2026-08-21,ssr_metodos_quirurgicos,3.5.2,Número de personas que recibieron procedimientos de métodos quirúrgicos,Procedimientos,30,25,0,5,0,0,1
846613448,2026-08-21,ssr_metodos_larga_corta_duracion,3.5.3,Número de personas que recibieron métodos anticonceptivos de larga y corta duración,Personas,45,38,0,7,0,0,1
846613448,2026-08-21,ssr_metodos_temporales,3.5.4,Número de personas que recibieron métodos temporales de corta duración,Personas,15,13,0,2,0,0,1
847699660,2026-08-21,nt_diagnostico,3.2.1,Número de personas con enfermedades no transmisibles que recibieron diagnóstico,Personas,43,30,11,2,0,0,1
847699660,2026-08-21,nt_tratamiento,3.2.2,Número de personas con enfermedades no transmisibles que recibieron tratamiento,Personas,43,30,11,2,0,0,1
847699660,2026-08-21,nt_medicamentos,3.2.3,Número de personas con enfermedades no transmisibles que recibieron medicamentos,Personas,43,30,11,2,0,0,1
847699660,2026-08-21,trans_diagnostico,3.3.1,Número de personas con enfermedades transmisibles que recibieron diagnóstico,Personas,20,9,10,1,0,0,1
847699660,2026-08-21,trans_tratamiento,3.3.2,Número de personas con enfermedades transmisibles que recibieron tratamiento,Personas,20,9,10,1,0,0,1
847699660,2026-08-21,trans_medicamentos,3.3.3,Número de personas con enfermedades transmisibles que recibieron medicamentos,Personas,20,9,10,1,0,0,1
847699660,2026-08-21,trauma_atendidas,3.9.1,Número de personas atendidas por lesiones y trauma,Personas,1,0,1,0,0,0,1
847701391,2026-08-21,nt_diagnostico,3.2.1,Número de personas con enfermedades no transmisibles que recibieron diagnóstico,Personas,48,32,12,2,2,0,1
847701391,2026-08-21,nt_tratamiento,3.2.2,Número de personas con enfermedades no transmisibles que recibieron tratamiento,Personas,48,32,12,2,2,0,1
847701391,2026-08-21,nt_medicamentos,3.2.3,Número de personas con enfermedades no transmisibles que recibieron medicamentos,Personas,48,32,12,2,2,0,1
847701391,2026-08-21,trans_diagnostico,3.3.1,Número de personas con enfermedades transmisibles que recibieron diagnóstico,Personas,11,5,2,3,1,0,1
847701391,2026-08-21,trans_tratamiento,3.3.2,Número de personas con enfermedades transmisibles que recibieron tratamiento,Personas,11,5,2,3,1,0,1
847701391,2026-08-21,trans_medicamentos,3.3.3,Número de personas con enfermedades transmisibles que recibieron medicamentos,Personas,11,5,2,3,1,0,1
847230162,2026-08-22,ssr_anticoncepcion_emergencia,3.5.1,Número de personas que recibieron anticonceptivos de emergencia,Personas,27,22,0,5,0,0,1
847230162,2026-08-22,ssr_metodos_quirurgicos,3.5.2,Número de personas que recibieron procedimientos de métodos quirúrgicos,Procedimientos,16,12,0,4,0,0,1
847230162,2026-08-22,ssr_metodos_larga_corta_duracion,3.5.3,Número de personas que recibieron métodos anticonceptivos de larga y corta duración,Personas,27,22,0,5,0,0,1
847230162,2026-08-22,ssr_metodos_temporales,3.5.4,Número de personas que recibieron métodos temporales de corta duración,Personas,11,10,0,1,0,0,1
848737845,2026-08-22,smaps_pap,3.1.2,Número de personas alcanzadas con primeros auxilios psicológicos,Personas,1,1,0,0,0,0,1
848737845,2026-08-22,nt_diagnostico,3.2.1,Número de personas con enfermedades no transmisibles que recibieron diagnóstico,Personas,46,26,18,0,2,0,1
848737845,2026-08-22,nt_tratamiento,3.2.2,Número de personas con enfermedades no transmisibles que recibieron tratamiento,Personas,46,26,18,0,2,0,1
848737845,2026-08-22,nt_medicamentos,3.2.3,Número de personas con enfermedades no transmisibles que recibieron medicamentos,Personas,46,26,18,0,2,0,1
848737845,2026-08-22,trans_diagnostico,3.3.1,Número de personas con enfermedades transmisibles que recibieron diagnóstico,Personas,24,9,9,4,2,0,1
848737845,2026-08-22,trans_tratamiento,3.3.2,Número de personas con enfermedades transmisibles que recibieron tratamiento,Personas,24,9,9,4,2,0,1
848737845,2026-08-22,trans_medicamentos,3.3.3,Número de personas con enfermedades transmisibles que recibieron medicamentos,Personas,24,9,9,4,2,0,1
848737845,2026-08-22,trauma_atendidas,3.9.1,Número de personas atendidas por lesiones y trauma,Personas,3,1,2,0,0,0,1
848739585,2026-08-22,nt_diagnostico,3.2.1,Número de personas con enfermedades no transmisibles que recibieron diagnóstico,Personas,63,39,22,2,0,0,1
848739585,2026-08-22,nt_tratamiento,3.2.2,Número de personas con enfermedades no transmisibles que recibieron tratamiento,Personas,63,39,22,2,0,0,1
848739585,2026-08-22,nt_medicamentos,3.2.3,Número de personas con enfermedades no transmisibles que recibieron medicamentos,Personas,63,39,22,2,0,0,1
848739585,2026-08-22,nt_derivados,3.2.6,Número de casos derivados,Casos,1,1,0,0,0,0,1
848739585,2026-08-22,trans_diagnostico,3.3.1,Número de personas con enfermedades transmisibles que recibieron diagnóstico,Personas,13,7,2,4,0,0,1
848739585,2026-08-22,trans_tratamiento,3.3.2,Número de personas con enfermedades transmisibles que recibieron tratamiento,Personas,13,7,2,4,0,0,1
848739585,2026-08-22,trans_medicamentos,3.3.3,Número de personas con enfermedades transmisibles que recibieron medicamentos,Personas,13,7,2,4,0,0,1
848739585,2026-08-22,trauma_atendidas,3.9.1,Número de personas atendidas por lesiones y trauma,Personas,1,0,1,0,0,0,1
848740867,2026-08-22,nt_diagnostico,3.2.1,Número de personas con enfermedades no transmisibles que recibieron diagnóstico,Personas,39,16,22,1,0,0,1
848740867,2026-08-22,nt_tratamiento,3.2.2,Número de personas con enfermedades no transmisibles que recibieron tratamiento,Personas,39,16,22,1,0,0,1
848740867,2026-08-22,nt_medicamentos,3.2.3,Número de personas con enfermedades no transmisibles que recibieron medicamentos,Personas,39,16,22,1,0,0,1
848740867,2026-08-22,trans_diagnostico,3.3.1,Número de personas con enfermedades transmisibles que recibieron diagnóstico,Personas,7,5,1,1,0,0,1
848740867,2026-08-22,trans_tratamiento,3.3.2,Número de personas con enfermedades transmisibles que recibieron tratamiento,Personas,7,5,1,1,0,0,1
848740867,2026-08-22,trans_medicamentos,3.3.3,Número de personas con enfermedades transmisibles que recibieron medicamentos,Personas,7,5,1,1,0,0,1
848740867,2026-08-22,trauma_atendidas,3.9.1,Número de personas atendidas por lesiones y trauma,Personas,4,1,2,0,1,0,1
848743596,2026-08-22,smaps_pap,3.1.2,Número de personas alcanzadas con primeros auxilios psicológicos,Personas,2,2,0,0,0,0,1
848743596,2026-08-22,nt_diagnostico,3.2.1,Número de personas con enfermedades no transmisibles que recibieron diagnóstico,Personas,76,43,16,13,4,0,1
848743596,2026-08-22,nt_tratamiento,3.2.2,Número de personas con enfermedades no transmisibles que recibieron tratamiento,Personas,76,43,16,13,4,0,1
848743596,2026-08-22,nt_medicamentos,3.2.3,Número de personas con enfermedades no transmisibles que recibieron medicamentos,Personas,76,43,16,13,4,0,1
848743596,2026-08-22,nt_derivados,3.2.6,Número de casos derivados,Casos,4,0,1,2,1,0,1
848743596,2026-08-22,trans_diagnostico,3.3.1,Número de personas con enfermedades transmisibles que recibieron diagnóstico,Personas,24,8,3,6,7,0,1
848743596,2026-08-22,trans_tratamiento,3.3.2,Número de personas con enfermedades transmisibles que recibieron tratamiento,Personas,24,8,3,6,7,0,1
848743596,2026-08-22,trans_medicamentos,3.3.3,Número de personas con enfermedades transmisibles que recibieron medicamentos,Personas,24,8,3,6,7,0,1
848743596,2026-08-22,mp_atencion_no_prenatal,3.4.5,Número de gestantes que recibieron atención médica diferente al control prenatal,Personas,2,1,0,1,0,0,1
848743596,2026-08-22,trauma_atendidas,3.9.1,Número de personas atendidas por lesiones y trauma,Personas,5,3,0,2,0,0,1
848744435,2026-08-23,nt_diagnostico,3.2.1,Número de personas con enfermedades no transmisibles que recibieron diagnóstico,Personas,35,26,7,0,2,0,1
848744435,2026-08-23,nt_tratamiento,3.2.2,Número de personas con enfermedades no transmisibles que recibieron tratamiento,Personas,35,26,7,0,2,0,1
848744435,2026-08-23,nt_medicamentos,3.2.3,Número de personas con enfermedades no transmisibles que recibieron medicamentos,Personas,35,26,7,0,2,0,1
848744435,2026-08-23,trans_diagnostico,3.3.1,Número de personas con enfermedades transmisibles que recibieron diagnóstico,Personas,12,10,1,1,0,0,1
848744435,2026-08-23,trans_tratamiento,3.3.2,Número de personas con enfermedades transmisibles que recibieron tratamiento,Personas,12,10,1,1,0,0,1
848744435,2026-08-23,trans_medicamentos,3.3.3,Número de personas con enfermedades transmisibles que recibieron medicamentos,Personas,12,10,1,1,0,0,1
848744435,2026-08-23,trauma_atendidas,3.9.1,Número de personas atendidas por lesiones y trauma,Personas,1,1,0,0,0,0,1
848697604,2026-08-24,ssr_anticoncepcion_emergencia,3.5.1,Número de personas que recibieron anticonceptivos de emergencia,Personas,44,37,0,7,0,0,1
848697604,2026-08-24,ssr_metodos_quirurgicos,3.5.2,Número de personas que recibieron procedimientos de métodos quirúrgicos,Procedimientos,32,27,0,5,0,0,1
848697604,2026-08-24,ssr_metodos_larga_corta_duracion,3.5.3,Número de personas que recibieron métodos anticonceptivos de larga y corta duración,Personas,44,37,0,7,0,0,1
848697604,2026-08-24,ssr_metodos_temporales,3.5.4,Número de personas que recibieron métodos temporales de corta duración,Personas,12,10,0,2,0,0,1
848745069,2026-08-24,nt_diagnostico,3.2.1,Número de personas con enfermedades no transmisibles que recibieron diagnóstico,Personas,24,8,14,2,0,0,1
848745069,2026-08-24,nt_tratamiento,3.2.2,Número de personas con enfermedades no transmisibles que recibieron tratamiento,Personas,24,8,14,2,0,0,1
848745069,2026-08-24,nt_medicamentos,3.2.3,Número de personas con enfermedades no transmisibles que recibieron medicamentos,Personas,24,8,14,2,0,0,1
848745069,2026-08-24,trans_diagnostico,3.3.1,Número de personas con enfermedades transmisibles que recibieron diagnóstico,Personas,20,11,6,0,3,0,1
848745069,2026-08-24,trans_tratamiento,3.3.2,Número de personas con enfermedades transmisibles que recibieron tratamiento,Personas,20,11,6,0,3,0,1
848745069,2026-08-24,trans_medicamentos,3.3.3,Número de personas con enfermedades transmisibles que recibieron medicamentos,Personas,20,11,6,0,3,0,1
848746322,2026-08-24,nt_diagnostico,3.2.1,Número de personas con enfermedades no transmisibles que recibieron diagnóstico,Personas,61,36,22,2,1,0,1
848746322,2026-08-24,nt_tratamiento,3.2.2,Número de personas con enfermedades no transmisibles que recibieron tratamiento,Personas,59,34,22,2,1,0,1
848746322,2026-08-24,nt_medicamentos,3.2.3,Número de personas con enfermedades no transmisibles que recibieron medicamentos,Personas,59,34,22,2,1,0,1
848746322,2026-08-24,nt_derivados,3.2.6,Número de casos derivados,Casos,2,1,1,0,0,0,1
848746322,2026-08-24,trans_diagnostico,3.3.1,Número de personas con enfermedades transmisibles que recibieron diagnóstico,Personas,18,10,5,2,1,0,1
848746322,2026-08-24,trans_tratamiento,3.3.2,Número de personas con enfermedades transmisibles que recibieron tratamiento,Personas,18,10,5,2,1,0,1
848746322,2026-08-24,trans_medicamentos,3.3.3,Número de personas con enfermedades transmisibles que recibieron medicamentos,Personas,18,10,5,2,1,0,1
